開催年数,開催月,問番号,科目,問,(1),(2),(3),(4),(5),正答番号,解説
オリジナル,カテゴリ別90,1,関係法令,衛生管理者の選任に関する次の記述のうち、法令上、正しいものはどれか。ただし、選任の特例はないものとする。,常時30人の労働者を使用する事業場では、業種にかかわらず衛生管理者を選任しなければならない。,常時50人以上の労働者を使用する事業場では、原則として衛生管理者を選任しなければならない。,常時50人以上の労働者を使用する事業場では、産業医を選任すれば衛生管理者の選任は不要である。,衛生管理者は、事業場外の者のうちから選任しなければならない。,衛生管理者を選任したときは、労働者代表に通知すれば所轄労働基準監督署長への報告は不要である。,2,正答は2。衛生管理者の選任義務は常時50人以上の労働者を使用する事業場に課されており、(2)の記述は正しい。(1)30人では義務なし、(3)産業医と衛生管理者は別に選任が必要、(4)専属を原則とする事業場もあるが外部の場合もある、(5)報告書は所轄労働基準監督署長に提出が必要。
オリジナル,カテゴリ別90,2,関係法令,産業医に関する次の記述のうち、法令上、誤っているものはどれか。ただし、産業医の選任の特例はないものとする。,産業医は、労働者の健康管理等を行うために必要な医学に関する知識を有する医師から選任する。,常時50人以上の労働者を使用する事業場では、原則として産業医を選任しなければならない。,産業医の選任は、選任すべき事由が発生した日から14日以内に行う必要がある。,産業医は、衛生委員会の委員として指名されることがある。,産業医は、医師でない衛生管理者から選任しなければならない。,5,正答は5。産業医は医師の中から選任しなければならず、医師でない衛生管理者から選任するという規定は存在しない。(5)の記述は誤り。(1)〜(4)はいずれも法令上定められた内容として正しい。
オリジナル,カテゴリ別90,3,関係法令,衛生委員会に関する次の記述のうち、法令上、正しいものはどれか。,衛生委員会は、常時10人以上の労働者を使用するすべての事業場に設けなければならない。,衛生委員会の議長は、労働者の互選により選出しなければならない。,衛生委員会は、毎月1回以上開催するようにしなければならない。,衛生委員会の議事の概要は、すべて非公開とし、労働者に周知してはならない。,衛生委員会には、産業医を委員として指名することはできない。,3,正答は3。衛生委員会は毎月1回以上開催しなければならないと定められており、(3)の記述は正しい。(1)設置義務は常時50人以上の事業場、(2)議長は総括安全衛生管理者等から事業者が指名、(4)議事概要は労働者に周知が必要、(5)産業医は委員として指名できる。
オリジナル,カテゴリ別90,4,関係法令,総括安全衛生管理者に関する次の記述のうち、法令上、誤っているものはどれか。,総括安全衛生管理者は、事業の実施を統括管理する者をもって充てる。,総括安全衛生管理者は、安全管理者、衛生管理者等を指揮する。,総括安全衛生管理者の選任が必要となる業種及び規模は、法令で定められている。,総括安全衛生管理者は、労働災害防止に関する業務を統括管理する。,総括安全衛生管理者は、必ず医師免許を有する者から選任しなければならない。,5,正答は5。総括安全衛生管理者は、その事業の実施を統括管理する者から選任すればよく、医師免許は不要である。(5)の記述は誤り。
オリジナル,カテゴリ別90,5,関係法令,安全衛生教育に関する次の記述のうち、法令上、正しいものはどれか。,雇入れ時の安全衛生教育は、常時50人以上の事業場に限り実施すればよい。,雇入れ時の安全衛生教育では、業務に関係する安全又は衛生のために必要な事項を教育する。,雇入れ時の安全衛生教育は、事務職の労働者については一切不要である。,安全衛生教育は、労働者が希望した場合に限り実施すればよい。,安全衛生教育は、実施後1年以内に所轄労働基準監督署長へ個人別成績を報告しなければならない。,2,正答は2。雇入れ時の安全衛生教育は、業務に関係する安全・衛生のために必要な事項を教育するものであり、(2)の記述は正しい。(1)規模要件なし、(3)事務職も対象、(4)希望に関係なく実施義務あり、(5)報告義務はない。
オリジナル,カテゴリ別90,6,関係法令,定期健康診断に関する次の記述のうち、法令上、誤っているものはどれか。,事業者は、常時使用する労働者に対し、定期に医師による健康診断を行わなければならない。,健康診断の結果は、原則として労働者に通知しなければならない。,健康診断個人票は、一定期間保存しなければならない。,常時50人以上の労働者を使用する事業場では、定期健康診断結果を所轄労働基準監督署長に報告する必要がある。,定期健康診断は、産業医を選任している事業場では実施しなくてもよい。,5,正答は5。定期健康診断は産業医の有無にかかわらず実施しなければならない義務がある。(5)の「産業医を選任している場合は実施しなくてもよい」という記述は誤り。
オリジナル,カテゴリ別90,7,関係法令,ストレスチェックに関する次の記述のうち、法令上、正しいものはどれか。,常時50人以上の労働者を使用する事業場では、心理的な負担の程度を把握するための検査を実施しなければならない。,ストレスチェックの結果は、労働者本人の同意がなくても直ちに人事評価に利用できる。,ストレスチェックは、事業場の規模にかかわらず毎月1回実施しなければならない。,ストレスチェックを受けた労働者全員に、医師による面接指導を実施しなければならない。,ストレスチェックの実施者は、当該労働者の解雇権限を持つ監督者に限られる。,1,正答は1。常時50人以上の労働者を使用する事業場では、1年以内ごとに1回ストレスチェックを実施しなければならないと定められており、(1)の記述は正しい。(2)結果は人事評価に利用不可、(3)1年以内ごとに1回が正しい、(4)面接指導は申出があった高ストレス者のみ、(5)解雇権限を持つ者は実施者になれない。
オリジナル,カテゴリ別90,8,関係法令,医師による面接指導に関する次の記述のうち、法令上、誤っているものはどれか。ただし、研究開発業務従事者等はいないものとする。,事業者は、労働時間の状況を把握するための必要な措置を講じなければならない。,一定の長時間労働者から申出があったときは、医師による面接指導を行う必要がある。,面接指導の結果に基づき、必要な措置について医師の意見を聴かなければならない。,面接指導の記録は、一定期間保存しなければならない。,面接指導を受けた労働者は、その後の健康診断を永久に免除される。,5,正答は5。面接指導を受けた労働者が健康診断を永久に免除されるという規定はなく、(5)の記述は誤り。面接指導と定期健康診断はそれぞれ独立した制度である。
オリジナル,カテゴリ別90,9,関係法令,事務所の衛生基準に関する次の記述のうち、法令上、正しいものはどれか。,事務室の照明設備は、設置後は点検する必要がない。,事務室の気積、換気、照度等については、労働者の衛生保持の観点から基準が定められている。,燃焼器具を使用する場合でも、換気に関する配慮は一切不要である。,食堂を設ける場合、その清潔保持に関する定めはない。,休養室又は休養所は、男女を区別して設けてはならない。,2,正答は2。事務室の気積・換気・照度等については労働衛生保持の観点から基準が定められており、(2)の記述は正しい。(1)照明設備は6か月以内ごとの点検義務あり、(3)燃焼器具使用時は毎日点検が必要、(4)食堂には清潔保持等の基準あり、(5)休養室は男女別に設置が必要な場合がある。
オリジナル,カテゴリ別90,10,関係法令,年次有給休暇に関する次の記述のうち、労働基準法上、正しいものはどれか。,年次有給休暇は、労働者の請求があっても使用者が常に拒否できる。,年次有給休暇の権利は、労働者が出勤率等の要件を満たした場合に発生する。,年次有給休暇は、試用期間中の労働者には一切発生しない。,年次有給休暇を取得した日は、欠勤として取り扱わなければならない。,年次有給休暇の賃金は、常に無給でよい。,2,正答は2。年次有給休暇の権利は、一定の出勤率等の要件を満たすことで発生すると定められており、(2)の記述は正しい。(1)使用者には時季変更権があるが拒否の絶対権はない、(3)試用期間中でも要件を満たせば発生、(4)有給扱いとなる、(5)所定労働日の賃金等の支払いが必要。
オリジナル,カテゴリ別90,11,関係法令,妊産婦等に関する次の記述のうち、労働基準法上、誤っているものはどれか。,妊産婦とは、妊娠中の女性及び産後1年を経過しない女性をいう。,妊娠中の女性が請求した場合には、他の軽易な業務に転換させなければならない。,妊産婦が請求した場合には、一定の場合を除き時間外労働をさせてはならない。,生理日の就業が著しく困難な女性が休暇を請求したときは、その者を就業させてはならない。,妊産婦が請求した場合でも、深夜業を命じることが常にできる。,5,正答は5。妊産婦が請求した場合には管理監督者等を除き深夜業に従事させてはならないと定められており、「常にできる」とする(5)の記述は誤り。
オリジナル,カテゴリ別90,12,関係法令,育児時間に関する次の記述のうち、労働基準法上、正しいものはどれか。,育児時間は、男性労働者だけが請求できる。,育児時間は、休憩時間とは別に請求できる。,育児時間は、1回につき必ず2時間以上与えなければならない。,育児時間中は、必ず通常賃金の2倍を支払わなければならない。,育児時間を請求しない労働者にも、使用者が一律に与えなければならない。,2,正答は2。育児時間は休憩時間とは別に請求できると定められており、(2)の記述は正しい。(1)育児時間を請求できるのは女性労働者、(3)1回少なくとも30分以上を1日2回、(4)有給・無給は特に定めがない、(5)請求しない者への強制付与は不要。
オリジナル,カテゴリ別90,13,関係法令,労働衛生コンサルタントに関する次の記述のうち、法令上、正しいものはどれか。,労働衛生コンサルタントは、事業場の衛生について診断及び指導を業として行うことができる。,労働衛生コンサルタントは、登録を受けなくても名乗ることができる。,労働衛生コンサルタント試験には、衛生に関する区分は設けられていない。,労働衛生コンサルタントは、業務上知り得た秘密を自由に公表できる。,労働衛生コンサルタントは、産業医として選任されることはない。,1,正答は1。労働衛生コンサルタントは、事業場の衛生について診断及び指導を業として行うことができると定められており、(1)の記述は正しい。(2)登録必要、(4)秘密保持義務あり、(5)所定の要件を満たせば産業医にもなれる。
オリジナル,カテゴリ別90,14,関係法令,作業環境測定に関する次の記述のうち、法令上、誤っているものはどれか。,一定の有害業務を行う作業場では、作業環境測定を行う必要がある。,作業環境測定の結果は、作業環境管理に活用される。,作業環境測定士は、所定の資格を有する者である。,作業環境測定の結果に基づき、必要な改善措置を検討することがある。,作業環境測定は、結果が悪くなるおそれがある場合には実施してはならない。,5,正答は5。作業環境測定は結果の良し悪しにかかわらず定期的に実施しなければならない義務がある。(5)の「悪化のおそれがある場合は実施してはならない」という記述は誤り。
オリジナル,カテゴリ別90,15,関係法令,休憩及び休日に関する次の記述のうち、労働基準法上、正しいものはどれか。,労働時間が6時間を超える場合でも、休憩を与える必要はない。,休憩時間は、原則として労働時間の途中に与えなければならない。,休日は、労働者が希望した場合に限り与えればよい。,休憩時間は、常に使用者の指揮命令下に置かなければならない。,法定休日に労働させた場合でも、割増賃金は不要である。,2,正答は2。休憩時間は労働時間の途中に与えなければならないと定められており、(2)の記述は正しい。(1)6時間超で45分以上・8時間超で1時間以上の休憩が必要、(3)法令上の義務として付与が必要、(4)休憩時間は自由利用が原則、(5)法定休日労働には割増賃金が必要。
オリジナル,カテゴリ別90,16,関係法令,労働時間に関する次の記述のうち、労働基準法上、誤っているものはどれか。,原則として、1週40時間、1日8時間を超えて労働させてはならない。,時間外労働を行わせるには、法令に基づく手続が必要となる場合がある。,労働時間には、使用者の指揮命令下に置かれている時間が含まれる。,法定労働時間は、労使の口頭の合意により常に無制限に延長できる。,変形労働時間制には、法令上の要件が定められている。,4,正答は4。法定労働時間の延長には法令上の手続き（時間外労働に関する労使協定の締結・届出等）が必要であり、口頭合意で無制限に延長できるという(4)の記述は誤り。
オリジナル,カテゴリ別90,17,関係法令,労働者死傷病報告に関する次の記述のうち、法令上、正しいものはどれか。,労働災害により労働者が死亡した場合でも、報告は一切不要である。,一定の労働災害が発生した場合、事業者は所轄労働基準監督署長に報告しなければならない。,労働者死傷病報告は、労働者本人が必ず提出しなければならない。,労働者死傷病報告は、産業医を選任している場合には不要である。,労働者死傷病報告は、事業者の判断で永久に省略できる。,2,正答は2。一定の労働災害が発生した場合、事業者は所轄労働基準監督署長に労働者死傷病報告を提出しなければならないと定められており、(2)の記述は正しい。
オリジナル,カテゴリ別90,18,関係法令,衛生推進者に関する次の記述のうち、法令上、誤っているものはどれか。,一定規模の事業場では、衛生推進者を選任する必要がある場合がある。,衛生推進者は、衛生に関する事項を担当する。,衛生推進者の氏名は、労働者に周知する必要がある。,衛生推進者は、選任した日から一定期間内に選任する必要がある。,衛生推進者は、常時1人以上の労働者を使用するすべての事業場で必ず5人選任しなければならない。,5,正答は5。衛生推進者は常時10人以上50人未満の労働者を使用する一定の事業場で選任が必要であり、すべての事業場で5人選任という規定はない。(5)の記述は誤り。
オリジナル,カテゴリ別90,19,関係法令,産業医の職務に関する次の記述のうち、法令上、正しいものはどれか。,産業医は、労働者の健康管理に関する事項について職務を行う。,産業医は、事業場を巡視してはならない。,産業医は、衛生教育に関与することが禁止されている。,産業医は、健康診断結果について一切関与できない。,産業医は、労働者の健康障害防止に関して事業者へ勧告できない。,1,正答は1。産業医は労働者の健康管理に関する事項について職務を行うと定められており、(1)の記述は正しい。(2)産業医は定期的に作業場等を巡視する義務がある、(3)衛生教育への関与も産業医の職務、(4)健康診断結果への関与も職務に含まれる、(5)必要と認めるときに事業者への勧告権がある。
オリジナル,カテゴリ別90,20,関係法令,健康診断結果に基づく措置に関する次の記述のうち、法令上、誤っているものはどれか。,健康診断の結果、異常の所見があると診断された労働者について、医師等の意見を聴く必要がある。,事業者は、医師等の意見を勘案し、必要があると認めるときは就業上の措置を講じる。,健康診断の結果は、労働者に通知しなければならない。,健康診断の結果は、労働者の健康管理に活用される。,健康診断で異常所見があっても、医師の意見を聴くことは法律上禁止されている。,5,正答は5。健康診断で異常所見があった場合、事業者は医師等の意見を聴くことが法律上義務付けられており、「禁止されている」とする(5)の記述は誤り。
オリジナル,カテゴリ別90,21,関係法令,有害業務に係る措置に関する次の記述のうち、法令上、正しいものはどれか。,有害業務に従事する労働者については、法令に基づき特殊健康診断が必要となる場合がある。,有害業務では、作業環境管理を行ってはならない。,有害業務に関する保護具は、常に使用禁止である。,有害業務では、労働者への衛生教育を省略しなければならない。,有害業務の作業場所では、換気設備の設置がすべて禁止されている。,1,正答は1。有害業務に従事する労働者については、法令に基づき特殊健康診断の実施が義務付けられており、(1)の記述は正しい。(2)(3)(4)(5)はすべて誤った内容であり、有害業務対策としての作業環境管理・保護具・教育・換気は実施すべき事項である。
オリジナル,カテゴリ別90,22,関係法令,安全衛生管理体制に関する次の記述のうち、法令上、誤っているものはどれか。,事業場の規模及び業種に応じて、安全管理者の選任が必要となる場合がある。,事業場の規模及び業種に応じて、衛生管理者の選任が必要となる場合がある。,衛生委員会又は安全衛生委員会を設けるべき事業場がある。,産業医の選任が必要となる事業場がある。,安全衛生管理体制は、すべての事業場で一律に同じ人数を選任すればよい。,5,正答は5。安全衛生管理体制は事業場の規模・業種に応じて選任人数が定められており、「すべて一律」とする(5)の記述は誤り。
オリジナル,カテゴリ別90,23,関係法令,作業主任者に関する次の記述のうち、法令上、正しいものはどれか。,一定の危険又は有害な作業については、作業主任者を選任し、その者に作業を指揮させる必要がある。,作業主任者は、事業者が希望した場合にだけ名札を付ければよい。,作業主任者は、必ず産業医から選任しなければならない。,作業主任者を選任しても、労働者へ周知してはならない。,作業主任者は、すべての事務作業に必ず選任しなければならない。,1,正答は1。一定の危険・有害な作業については作業主任者を選任し作業を指揮させる必要があると定められており、(1)の記述は正しい。(3)産業医から選任する規定はない、(4)選任後は労働者への周知が必要、(5)すべての事務作業に必要な規定はない。
オリジナル,カテゴリ別90,24,関係法令,労働者の申告等に関する次の記述のうち、法令上、誤っているものはどれか。,事業者は、労働安全衛生法令を遵守する義務がある。,労働者は、事業者が講ずる労働災害防止措置に協力するよう努めなければならない。,労働者が法令違反の事実を申告したことを理由として、不利益な取扱いをしてはならない。,安全衛生に関する法令違反の申告制度が設けられている。,労働者が安全衛生に関する申告をした場合、事業者は必ずその労働者を解雇しなければならない。,5,正答は5。法令違反の事実を申告したことを理由として不利益取扱いを行うことは禁止されており、解雇を強制するという(5)の記述は誤り。
オリジナル,カテゴリ別90,25,関係法令,事務所の換気に関する次の記述のうち、法令上、正しいものはどれか。,換気設備を設けた場合でも、換気能力を維持するための点検は不要である。,事務室では、空気環境の維持管理が労働衛生上重要である。,二酸化炭素濃度は、事務室の空気環境とは無関係である。,窓が全くない事務室では、いかなる換気設備も設けてはならない。,事務室の換気は、労働者の数にかかわらず常に不要である。,2,正答は2。事務室では空気環境の維持管理が労働衛生上重要であり、CO2濃度等の基準が定められているため(2)の記述は正しい。(1)換気設備の定期点検義務あり、(3)CO2濃度は空気環境の管理指標の一つ、(5)換気は規模・在室人数等に応じて必要。
オリジナル,カテゴリ別90,26,関係法令,労働基準法上の就業規則に関する次の記述のうち、正しいものはどれか。,常時10人以上の労働者を使用する使用者は、原則として就業規則を作成し届け出る必要がある。,就業規則には、労働時間に関する事項を記載してはならない。,就業規則は、作成後も労働者に周知してはならない。,就業規則は、使用者の机の中に保管すれば周知したものとみなされる。,就業規則は、労働者が全員同意しなければ一切作成できない。,1,正答は1。常時10人以上の労働者を使用する使用者は就業規則を作成し所轄労働基準監督署長に届け出る必要があると定められており、(1)の記述は正しい。(3)作成後は周知義務あり、(4)見やすい場所への掲示等が必要、(5)作成・届出は使用者の義務で全員同意は不要。
オリジナル,カテゴリ別90,27,関係法令,割増賃金に関する次の記述のうち、労働基準法上、誤っているものはどれか。,法定時間外労働をさせた場合、割増賃金が必要となる。,法定休日労働をさせた場合、割増賃金が必要となる。,深夜労働をさせた場合、割増賃金が必要となる。,割増賃金率には、法令上の基準が定められている。,深夜労働であっても、通常の賃金を一切支払わなくてよい。,5,正答は5。深夜労働であっても通常の賃金に加え深夜割増賃金を支払わなければならず、「一切支払わなくてよい」とする(5)の記述は誤り。
オリジナル,カテゴリ別90,28,関係法令,休業及び平均賃金に関する次の記述のうち、労働基準法上、正しいものはどれか。,使用者の責に帰すべき事由による休業の場合、休業手当が必要となる場合がある。,平均賃金は、労働者が自由に決めた額を常に用いる。,休業手当は、どのような場合でも支払ってはならない。,平均賃金は、健康診断の結果だけで決まる。,休業手当は、産業医が選任されていれば不要である。,1,正答は1。使用者の責に帰すべき事由による休業の場合、平均賃金の60%以上の休業手当を支払わなければならないと定められており、(1)の記述は正しい。
オリジナル,カテゴリ別90,29,関係法令,労働安全衛生法における事業者の責務に関する次の記述のうち、正しいものはどれか。,事業者は、労働者の安全と健康を確保するようにしなければならない。,事業者は、安全衛生に関する措置を労働者任せにすれば足りる。,事業者は、労働災害防止措置を講じてはならない。,事業者は、快適な職場環境の形成に努める必要はない。,事業者は、健康診断を実施した場合、その結果をすべて公開掲示しなければならない。,1,正答は1。事業者は労働者の安全と健康を確保する責務を負っており、(1)の記述は正しい。(2)〜(5)はいずれも事業者の責務を否定する誤った内容である。
オリジナル,カテゴリ別90,30,関係法令,労働者の健康情報の取扱いに関する次の記述のうち、適切なものはどれか。,健康情報は、業務上必要な範囲を超えて自由に利用してよい。,健康診断結果等の健康情報は、個人情報保護に配慮して取り扱う必要がある。,健康情報は、本人の同意の有無にかかわらず社外に販売できる。,健康情報は、労働衛生管理に一切利用できない。,健康情報は、紙で保管すれば漏えい対策は不要である。,2,正答は2。健康診断結果等の健康情報は個人情報保護に配慮して適正に取り扱う必要があり、(2)の記述は正しい。(1)業務上必要な範囲を超えた利用は不可、(3)本人の同意なく販売は不可、(4)労働衛生管理に適切に活用できる。
オリジナル,カテゴリ別90,1,労働衛生,作業環境管理に関する次の記述のうち、正しいものはどれか。,作業環境管理では、有害因子の発生源対策や換気等により作業環境を良好に保つ。,作業環境管理は、労働者の健康診断だけを行うことである。,作業環境管理では、作業姿勢の改善を禁止する。,作業環境管理では、有害物質の濃度を測定してはならない。,作業環境管理は、事務作業では常に不要である。,1,正答は1。作業環境管理では、有害因子の発生源対策・換気・密閉等により作業環境を良好に保つことを目的としており、(1)の記述は正しい。(2)健康診断だけではない、(3)(4)測定や改善は重要な取組、(5)事務作業でも必要な場合がある。
オリジナル,カテゴリ別90,2,労働衛生,作業管理に関する次の記述のうち、誤っているものはどれか。,作業方法の改善は、作業管理に含まれる。,作業時間や休憩の取り方の工夫は、作業管理に含まれる。,保護具の適切な使用は、作業管理に含まれる。,無理な作業姿勢を避けることは、作業管理上重要である。,作業管理では、作業者の行動や作業方法を一切扱わない。,5,正答は5。作業管理は作業方法・時間・手順・保護具使用等を適切に管理することであり、「作業者の行動や作業方法を一切扱わない」とする(5)の記述は誤り。
オリジナル,カテゴリ別90,3,労働衛生,健康管理に関する次の記述のうち、正しいものはどれか。,健康管理には、健康診断及びその結果に基づく事後措置が含まれる。,健康管理では、労働者の健康状態を把握してはならない。,健康管理は、作業環境管理と無関係であり、連携してはならない。,健康管理は、疾病が発生した後だけ行えばよい。,健康管理では、保健指導を実施してはならない。,1,正答は1。健康管理には健康診断とその結果に基づく事後措置（就業制限・保健指導等）が含まれており、(1)の記述は正しい。(2)健康状態の把握は健康管理の基本、(3)作業環境管理との連携は重要、(4)予防的観点からの実施も含まれる。
オリジナル,カテゴリ別90,4,労働衛生,温熱条件に関する次の記述のうち、誤っているものはどれか。,温熱感には、気温、湿度、気流、放射熱などが関係する。,WBGTは、暑熱環境による熱ストレス評価に用いられる。,暑熱順化が不十分な場合、熱中症リスクが高まる。,身体作業強度が大きいほど、暑熱環境下での負担は大きくなる。,湿度が高いほど汗が蒸発しやすくなり、体熱の放散は常に促進される。,5,正答は5。湿度が高いと汗が蒸発しにくくなり、気化熱による体熱放散が妨げられる。「汗が蒸発しやすくなる」とする(5)の記述は誤り。
オリジナル,カテゴリ別90,5,労働衛生,熱中症予防に関する次の記述のうち、正しいものはどれか。,水分及び塩分の補給、休憩、作業時間の調整などが有効である。,暑熱環境では、休憩を取るとかえって熱中症リスクが上昇する。,熱中症の予防には、WBGTの把握は役立たない。,暑熱順化していない労働者は、暑熱作業に直ちに長時間従事させるのがよい。,熱中症は、屋内では発生しない。,1,正答は1。水分・塩分補給、休憩、作業時間の調整等は熱中症予防の基本対策であり、(1)の記述は正しい。(2)休憩はリスク低減に有効、(3)WBGTはリスク評価に有用、(4)暑熱順化は段階的に行うべき、(5)屋内でも高温多湿環境では発生する。
オリジナル,カテゴリ別90,6,労働衛生,照明に関する次の記述のうち、適切でないものはどれか。,精密な作業では、粗な作業より高い照度が必要となる。,グレアは、作業のしにくさや眼精疲労の原因となることがある。,照明は、作業面に必要な明るさを確保するよう配慮する。,高齢者では、若年者より高い照度が必要となる場合がある。,作業面の照度は、作業の種類にかかわらず常に0ルクスでよい。,5,正答は5。作業面の照度は作業の種類に応じて適切な照度基準が設けられており、「常に0ルクス」とする(5)の記述は誤り。
オリジナル,カテゴリ別90,7,労働衛生,情報機器作業に関する次の記述のうち、適切なものはどれか。,ディスプレイ、キーボード、椅子、机等は、作業者に合わせて調整することが望ましい。,長時間の情報機器作業では、休止時間を一切設けないことが望ましい。,ディスプレイは、眼から常に5cm以内に置く。,照明の映り込みやグレアは、作業効率や疲労に影響しない。,ノート型機器では、姿勢に配慮する必要はない。,1,正答は1。情報機器作業では、ディスプレイ・キーボード・椅子・机等を作業者の体格や特性に合わせて調整することが望ましく、(1)の記述は正しい。(2)定期的な休止が推奨される、(3)適切な視距離（おおむね50cm以上）が必要。
オリジナル,カテゴリ別90,8,労働衛生,腰痛予防に関する次の記述のうち、誤っているものはどれか。,重量物取扱い作業では、作業姿勢や作業方法に配慮する。,介護作業では、福祉用具の活用や複数人作業が有効な場合がある。,腰痛予防体操や教育は、腰痛予防対策の一つである。,作業台の高さを調整することは、腰部負担の軽減に役立つ。,腰痛予防では、作業姿勢を悪化させるほど効果が高い。,5,正答は5。腰痛予防では作業姿勢の改善（良好な姿勢の確保）が重要であり、「悪化させるほど効果が高い」とする(5)の記述は誤り。
オリジナル,カテゴリ別90,9,労働衛生,受動喫煙防止に関する次の記述のうち、正しいものはどれか。,職場では、受動喫煙を防止するための措置を講ずることが求められる。,受動喫煙は、労働衛生上の問題とはならない。,喫煙専用室を設ければ、煙の漏れ対策は不要である。,禁煙区域でも、作業効率のために喫煙を推奨する。,受動喫煙防止対策では、労働者への周知は常に禁止されている。,1,正答は1。職場では受動喫煙を防止するための措置（喫煙専用室の設置・禁煙区域の設定等）を講ずることが求められており、(1)の記述は正しい。(3)喫煙専用室は煙が漏れないよう気流等の要件を満たす必要がある。
オリジナル,カテゴリ別90,10,労働衛生,食中毒に関する次の記述のうち、誤っているものはどれか。,黄色ブドウ球菌の毒素は、熱に強いものがある。,ボツリヌス毒素は、神経毒である。,ノロウイルス対策では、手洗いや適切な消毒が重要である。,腸炎ビブリオは、魚介類と関連することがある。,ヒスタミンは、通常の加熱調理により常に完全に分解される。,5,正答は5。ヒスタミンは熱安定性が高く、通常の加熱調理では完全に分解・無毒化されない。「常に完全に分解される」とする(5)の記述は誤り。
オリジナル,カテゴリ別90,11,労働衛生,感染症予防に関する次の記述のうち、正しいものはどれか。,手洗い、咳エチケット、換気などは感染症予防に有効である。,飛沫感染では、空気中の酸素濃度だけが問題となる。,感染症予防では、体調不良者への対応は不要である。,標準予防策は、医療・介護現場では役に立たない。,感染症は、職場では一切発生しない。,1,正答は1。手洗い・咳エチケット・換気・適切な消毒等は感染症予防に有効な方法であり、(1)の記述は正しい。(2)飛沫感染は飛沫による病原体の伝播、(5)職場でも感染症は発生しうる。
オリジナル,カテゴリ別90,12,労働衛生,救急処置に関する次の記述のうち、正しいものはどれか。,反応がなく普段どおりの呼吸がない場合は、心停止を疑い、応援要請や心肺蘇生を開始する。,AEDは、医師以外は絶対に使用してはならない。,胸骨圧迫は、できるだけ浅く、1分間に10回程度行う。,出血している場合、直接圧迫止血は行ってはならない。,救急処置では、周囲の安全確認は不要である。,1,正答は1。反応がなく普段どおりの呼吸がない場合は心停止を疑い、応援要請・119番通報・AED手配・心肺蘇生を開始することが正しく、(1)の記述は適切。(2)AEDは一般市民も使用可能、(3)5cm沈む強さで1分間100〜120回が正しい、(4)直接圧迫止血は推奨される方法。
オリジナル,カテゴリ別90,13,労働衛生,骨折時の処置に関する次の記述のうち、誤っているものはどれか。,骨折が疑われる部位は、できるだけ動かさないようにする。,副子を用いる場合は、骨折部の上下の関節を含めて固定する。,開放性骨折では、感染防止にも配慮する。,脊髄損傷が疑われる場合は、無理に動かさない。,骨折が疑われる部位は、痛みを確認するため強く曲げ伸ばしする。,5,正答は5。骨折が疑われる部位を強く曲げ伸ばしすることは損傷を悪化させる危険があり、「強く曲げ伸ばしする」とする(5)の記述は誤り。骨折疑いの部位はできるだけ動かさないことが原則。
オリジナル,カテゴリ別90,14,労働衛生,出血及び止血法に関する次の記述のうち、正しいものはどれか。,出血部位を清潔なガーゼ等で直接圧迫する方法が用いられる。,大量出血があっても、救急要請は不要である。,止血時は、出血部位を心臓より低く保つのが原則である。,動脈性出血では、血液が黒褐色でゆっくりにじむ。,止血法では、感染防止に配慮する必要はない。,1,正答は1。出血部位を清潔なガーゼ等で直接圧迫する直接圧迫止血法が応急止血の基本として推奨されており、(1)の記述は正しい。(3)出血部位は心臓より高く保つのが原則、(4)動脈性出血は鮮紅色の拍動性出血、(5)感染防止（手袋着用等）に配慮が必要。
オリジナル,カテゴリ別90,15,労働衛生,メンタルヘルスケアに関する次の記述のうち、適切なものはどれか。,セルフケア、ラインによるケア、事業場内産業保健スタッフ等によるケアなどがある。,メンタルヘルスケアでは、労働者の個人情報を無制限に公開する。,職場の人間関係や業務量は、心の健康に影響しない。,不調者への対応では、本人の意向やプライバシーへの配慮は不要である。,メンタルヘルスケアは、衛生委員会で扱ってはならない。,1,正答は1。メンタルヘルスケアには四つのケア（セルフケア・ラインによるケア・事業場内産業保健スタッフ等によるケア・事業場外資源によるケア）があり、(1)の記述は正しい。(2)個人情報保護に配慮が必要、(5)衛生委員会でのメンタルヘルスへの取組も重要。
オリジナル,カテゴリ別90,16,労働衛生,健康保持増進対策に関する次の記述のうち、誤っているものはどれか。,運動、栄養、休養、メンタルヘルス等に関する取組が含まれる。,労働者の健康状態等を把握し、課題に応じた取組を行うことが望ましい。,衛生委員会等を活用して推進することがある。,健康保持増進対策では、個人への支援と集団への取組の両方が考えられる。,健康保持増進対策では、定期健康診断の結果を一切参考にしてはならない。,5,正答は5。健康保持増進対策では定期健康診断の結果を活用し、労働者の健康課題を把握して対策に役立てることが重要である。「一切参考にしてはならない」とする(5)の記述は誤り。
オリジナル,カテゴリ別90,17,労働衛生,健康管理統計に関する次の記述のうち、正しいものはどれか。,有所見率は、検査を受けた者のうち有所見者の割合を示す。,平均値が同じ集団では、分散も必ず同じである。,相関関係があれば、必ず一方が他方の原因である。,中央値は、データの代表値として用いられることはない。,発生率と有病率は、常に同じ意味である。,1,正答は1。有所見率は、検査を受けた者のうち何らかの異常所見があると診断された者の割合を示すものであり、(1)の記述は正しい。(2)平均値が同じでも分散は異なりうる、(3)相関関係は因果関係を直接示さない、(5)発生率と有病率は異なる概念。
オリジナル,カテゴリ別90,18,労働衛生,BMIに関する次の記述のうち、正しいものはどれか。,BMIは、体重を身長の2乗で除して求める指数である。,BMIの算出には、血圧値が必ず必要である。,BMIは、空腹時血糖値だけで決まる。,BMIは、腹囲を身長で除して求める。,BMIは、体脂肪率と常に同じ値になる。,1,正答は1。BMI＝体重(kg)÷身長(m)²で算出する指数であり、(1)の記述は正しい。(2)血圧値は不要、(3)血糖値とは無関係、(4)腹囲は使用しない、(5)体脂肪率とは別の指標。
オリジナル,カテゴリ別90,19,労働衛生,脳血管疾患に関する次の記述のうち、誤っているものはどれか。,脳血管疾患には、出血性病変と虚血性病変がある。,くも膜下出血は、激しい頭痛を伴うことがある。,脳梗塞は、脳の血管が詰まることにより起こる。,高血圧は、脳血管疾患の危険因子となる。,脳血管疾患は、心臓や血圧とは全く関係しない。,5,正答は5。脳血管疾患は心臓や血圧と密接に関係しており、高血圧・心房細動・動脈硬化等が主要な危険因子である。「全く関係しない」とする(5)の記述は誤り。
オリジナル,カテゴリ別90,20,労働衛生,虚血性心疾患に関する次の記述のうち、正しいものはどれか。,虚血性心疾患は、冠動脈による心筋への血液供給が不足することにより起こる。,狭心症では、心筋が常に完全に壊死する。,心筋梗塞では、胸痛が起こることはない。,喫煙や高血圧は、虚血性心疾患と無関係である。,虚血性心疾患は、肺胞でのガス交換だけが原因で起こる。,1,正答は1。虚血性心疾患は冠動脈による心筋への血液供給が不足・途絶することにより起こる心筋障害であり、(1)の記述は正しい。(2)狭心症は可逆的虚血、(3)心筋梗塞では激しい胸痛が典型的、(4)喫煙・高血圧は主要な危険因子。
オリジナル,カテゴリ別90,21,労働衛生,騒音に関する次の記述のうち、正しいものはどれか。,騒音ばく露は、聴力障害やストレスの原因となることがある。,騒音職場では、作業環境測定や保護具の使用を検討してはならない。,騒音の単位として、一般にデシベルは用いられない。,騒音性難聴は、ばく露を続けても進行しない。,騒音対策では、発生源対策は常に無効である。,1,正答は1。騒音ばく露は騒音性難聴やストレス等の健康障害の原因となることがあり、(1)の記述は正しい。(3)騒音の単位としてデシベル(dB)が一般的に用いられる、(4)騒音性難聴はばく露継続により進行する。
オリジナル,カテゴリ別90,22,労働衛生,粉じんによる健康障害に関する次の記述のうち、誤っているものはどれか。,粉じんの吸入は、じん肺等の健康障害につながることがある。,発じん源の密閉や局所排気装置は、粉じん対策として有効である。,防じんマスクは、適切に選択し使用する必要がある。,粉じん作業では、清掃方法にも配慮する必要がある。,粉じんは、目に見えなければ吸入しても健康影響は絶対にない。,5,正答は5。粉じんは目に見えない微細な粒子であっても吸入により健康障害（じん肺等）を引き起こす可能性がある。「絶対にない」とする(5)の記述は誤り。
オリジナル,カテゴリ別90,23,労働衛生,有機溶剤による健康障害に関する次の記述のうち、正しいものはどれか。,有機溶剤は、中枢神経系への影響などを生じることがある。,有機溶剤作業では、換気は常に禁止されている。,有機溶剤は、皮膚から吸収されることはない。,有機溶剤の蒸気は、においがなければ存在しない。,有機溶剤作業では、保護具は一切使用してはならない。,1,正答は1。有機溶剤は皮膚・粘膜から吸収されて中枢神経系への影響（頭痛・めまい等）や肝臓・腎臓への障害を生じることがあり、(1)の記述は正しい。(2)換気は有機溶剤対策として重要、(3)皮膚から吸収される有機溶剤もある、(4)においがなくても存在する場合がある。
オリジナル,カテゴリ別90,24,労働衛生,酸素欠乏に関する次の記述のうち、誤っているものはどれか。,酸素欠乏危険場所では、入場前に酸素濃度等を測定することが重要である。,酸素欠乏は、意識障害や死亡につながることがある。,換気は、酸素欠乏対策として有効な場合がある。,救助者の二次災害防止も重要である。,酸素欠乏場所では、深呼吸をすれば安全に作業できる。,5,正答は5。酸素欠乏場所では大気中の酸素が不足しており、深呼吸をしても安全に作業することはできない。「深呼吸をすれば安全」とする(5)の記述は誤り。入場前の酸素濃度測定・換気・送気マスクの使用等が必要。
オリジナル,カテゴリ別90,25,労働衛生,保護具に関する次の記述のうち、正しいものはどれか。,保護具は、作業内容や有害因子に応じて適切なものを選択する。,保護具は、破損していても性能に影響しない。,呼吸用保護具は、顔面との密着性を確認してはならない。,保護具は、発生源対策を行う代わりに常に唯一の対策としなければならない。,保護具の使用方法を教育する必要はない。,1,正答は1。保護具は作業内容・有害因子・ばく露濃度等に応じて適切なものを選択することが重要であり、(1)の記述は正しい。(2)破損した保護具は性能が低下する、(3)呼吸用保護具の密着確認は必須、(4)発生源対策や作業管理との組合せが基本、(5)使用方法の教育は必要。
オリジナル,カテゴリ別90,26,労働衛生,換気に関する次の記述のうち、正しいものはどれか。,局所排気装置は、有害物の発生源近くで捕集するために用いられる。,全体換気は、発生源を密閉する装置であり、空気の入れ替えとは無関係である。,換気装置は、設置後は点検や保守を行ってはならない。,換気は、酸素欠乏や有害物ばく露の対策として常に無効である。,局所排気装置は、屋外では絶対に使用できない。,1,正答は1。局所排気装置は有害物の発生源近くで発生した有害物質を捕集し、作業者へのばく露を防ぐために用いられる設備であり、(1)の記述は正しい。(2)全体換気は作業場全体の空気を入れ換えるもの、(3)換気設備の定期点検・保守は義務付けられている。
オリジナル,カテゴリ別90,27,労働衛生,作業姿勢に関する次の記述のうち、誤っているものはどれか。,長時間の不自然な姿勢は、筋骨格系の負担を増大させる。,作業台の高さは、作業内容や体格に応じて調整することが望ましい。,同一姿勢が続く場合は、休止や姿勢変換を検討する。,工具や部品の配置は、過度な前屈やひねりを避けるよう配慮する。,作業姿勢は、どれほど不自然でも健康障害とは関係しない。,5,正答は5。不自然な作業姿勢は筋骨格系の負担を増大させ、腰痛・頸肩腕障害等の健康障害の原因となる。「どれほど不自然でも健康障害と関係しない」とする(5)の記述は誤り。
オリジナル,カテゴリ別90,28,労働衛生,疲労に関する次の記述のうち、正しいものはどれか。,疲労は、長時間労働、睡眠不足、精神的負担などにより生じることがある。,疲労は、作業能率や安全に影響しない。,疲労を防ぐには、休憩を全く取らないことが有効である。,精神的疲労は、身体症状を伴うことはない。,疲労は、栄養や睡眠とは無関係である。,1,正答は1。疲労は長時間労働・睡眠不足・精神的負担等の多様な要因により生じることがあり、(1)の記述は正しい。(2)疲労は作業能率低下や安全上のリスクにつながる、(3)適切な休憩が疲労軽減に重要、(4)精神的疲労も頭痛・胃腸症状等の身体症状を伴うことがある。
オリジナル,カテゴリ別90,29,労働衛生,職場巡視に関する次の記述のうち、適切なものはどれか。,職場巡視では、作業環境、作業方法、保護具の使用状況などを確認する。,職場巡視では、危険箇所を見つけても記録してはならない。,職場巡視は、労働者がいない夜間にだけ行う。,職場巡視では、改善が必要な事項を検討してはならない。,職場巡視は、労働衛生管理と無関係である。,1,正答は1。職場巡視では作業環境・作業方法・保護具の使用状況・設備の状態等を確認し、問題点を把握して改善につなげることが目的であり、(1)の記述は適切。(2)発見事項は記録し改善に活用、(4)改善事項の検討は巡視の重要な目的の一つ。
オリジナル,カテゴリ別90,30,労働衛生,快適職場形成に関する次の記述のうち、適切なものはどれか。,作業環境、作業方法、疲労回復支援、職場生活支援等の面から改善を図ることが望ましい。,快適職場形成では、労働者の意見を聴いてはならない。,快適職場形成は、事故防止や健康保持と一切関係しない。,快適職場形成では、照明や騒音への配慮は不要である。,快適職場形成は、法令により全事業場で毎日同じ内装にすることを意味する。,1,正答は1。快適職場形成は作業環境・作業方法・疲労回復支援・職場生活支援等の面から改善を図ることで労働者が快適に働ける職場を実現するものであり、(1)の記述は適切。(2)労働者の意見反映が重要、(3)事故防止・健康保持とも関係する。
オリジナル,カテゴリ別90,1,労働生理,血液に関する次の記述のうち、正しいものはどれか。,赤血球は、ヘモグロビンを含み、主に酸素の運搬に関与する。,白血球は、血液凝固の主役であり、酸素を運搬する。,血小板は、抗体を産生する唯一の細胞である。,血漿は、すべて固形成分で構成されている。,赤血球の寿命は、通常数分程度である。,1,正答は1。赤血球はヘモグロビンを含み、主に酸素の運搬に関与する血球であり、(1)の記述は正しい。(2)白血球は免疫・貪食に関与、(3)抗体産生はBリンパ球（形質細胞）、(4)血漿は液体成分、(5)赤血球の寿命は約120日。
オリジナル,カテゴリ別90,2,労働生理,白血球に関する次の記述のうち、誤っているものはどれか。,好中球は、細菌などを貪食する働きがある。,リンパ球は、免疫反応に関与する。,白血球数は、感染や炎症で変動することがある。,白血球は、有形成分の一つである。,白血球は、酸素を運搬するためのヘモグロビンを大量に含む。,5,正答は5。白血球はヘモグロビンをほとんど含まず、酸素運搬はしない。ヘモグロビンを含み酸素を運搬するのは赤血球である。(5)の記述は誤り。
オリジナル,カテゴリ別90,3,労働生理,血液凝固に関する次の記述のうち、正しいものはどれか。,血漿中のフィブリノーゲンがフィブリンに変化し、血液凝固に関与する。,血液凝固には、血小板は全く関係しない。,血液凝固は、赤血球が抗体を産生する現象である。,フィブリンは、血糖を下げるホルモンである。,血液凝固は、血漿が酸素を放出する現象である。,1,正答は1。血漿中のフィブリノーゲン（可溶性）がフィブリン（不溶性）に変化することが血液凝固の主要な反応であり、(1)の記述は正しい。(2)血小板も血液凝固に重要な役割を果たす。
オリジナル,カテゴリ別90,4,労働生理,心臓に関する次の記述のうち、誤っているものはどれか。,心臓は、左右の心房及び心室からなる。,左心室から送り出された血液は、大動脈へ入る。,心臓には、刺激伝導系がある。,肺循環では、血液が肺を通ってガス交換に関与する。,心臓は、消化管の一部であり、胆汁を分泌する。,5,正答は5。心臓は循環器系の中心的な臓器で血液を拍出するポンプであり、消化管や胆汁分泌とは無関係である。(5)の記述は誤り。
オリジナル,カテゴリ別90,5,労働生理,血液循環に関する次の記述のうち、正しいものはどれか。,肺動脈には、右心室から肺へ向かう血液が流れる。,肺静脈には、右心房から肺へ向かう血液が流れる。,大動脈には、右心房から戻った静脈血だけが流れる。,静脈には、常に酸素を最も多く含む血液だけが流れる。,血液循環は、呼吸とは一切関係しない。,1,正答は1。肺動脈には右心室から肺へ向かう静脈血（酸素が少なく二酸化炭素が多い血液）が流れており、(1)の記述は正しい。(2)肺静脈には肺から左心房へ戻る動脈血が流れる、(3)大動脈には左心室からの動脈血が流れる。
オリジナル,カテゴリ別90,6,労働生理,呼吸に関する次の記述のうち、正しいものはどれか。,肺胞と毛細血管の間で行われるガス交換を外呼吸という。,成人の安静時の1回換気量は、通常約5mLである。,呼吸中枢は、主に膝関節に存在する。,吸気では、肺内圧が外気圧より高くなり続けるため空気が入る。,二酸化炭素は、体内で全く産生されない。,1,正答は1。肺胞と毛細血管の間で行われる酸素と二酸化炭素のガス交換を外呼吸（肺呼吸）といい、(1)の記述は正しい。(2)安静時の1回換気量は約500mL、(3)呼吸中枢は延髄にある、(4)吸気時は胸腔内容積増大により肺内圧が外気圧より低くなり空気が流入する。
オリジナル,カテゴリ別90,7,労働生理,肺に関する次の記述のうち、誤っているものはどれか。,肺胞は、ガス交換の場である。,気道は、外気が肺胞へ到達する通路である。,呼吸運動には、横隔膜や肋間筋が関与する。,呼気には、吸気より多くの二酸化炭素が含まれる。,肺胞では、食物中の脂肪が胆汁により乳化される。,5,正答は5。肺胞では酸素と二酸化炭素のガス交換が行われる。脂肪の乳化は胆汁の働きであり、肺胞とは無関係である。(5)の記述は誤り。
オリジナル,カテゴリ別90,8,労働生理,消化器系に関する次の記述のうち、正しいものはどれか。,胃では、胃液が分泌され、蛋白質の消化に関与する。,小腸では、栄養素の吸収は行われない。,肝臓は、インスリンだけを分泌する臓器である。,胆汁には、脂肪を乳化する働きがない。,大腸では、酸素の運搬が主に行われる。,1,正答は1。胃では塩酸やペプシノーゲン（胃酸によりペプシンに変化）が分泌され、蛋白質の消化に関与しており、(1)の記述は正しい。(2)小腸では絨毛を通じて栄養素が吸収される、(3)肝臓は胆汁生成・代謝・解毒等多様な機能を持つ、(4)胆汁は脂肪の乳化に関与する。
オリジナル,カテゴリ別90,9,労働生理,消化酵素に関する次の記述のうち、誤っているものはどれか。,アミラーゼは、でんぷんの消化に関与する。,リパーゼは、脂肪の消化に関与する。,ペプシンは、蛋白質の消化に関与する。,トリプシンは、蛋白質の消化に関与する。,インスリンは、胃内で脂肪を乳化する消化酵素である。,5,正答は5。インスリンは膵臓（膵島β細胞）から血液中に分泌される内分泌ホルモンであり、胃内で脂肪を乳化する消化酵素ではない。(5)の記述は誤り。
オリジナル,カテゴリ別90,10,労働生理,肝臓の働きに関する次の記述のうち、正しいものはどれか。,肝臓は、胆汁の生成や代謝、解毒などに関与する。,肝臓は、尿を貯蔵する袋である。,肝臓は、視覚の受容器である。,肝臓は、肺胞の集まりである。,肝臓は、骨格筋の収縮だけを調節する。,1,正答は1。肝臓は胆汁の生成・分泌、糖・脂質・蛋白質の代謝、アンモニア等の解毒、血液凝固因子の合成等の多様な機能を持ち、(1)の記述は正しい。
オリジナル,カテゴリ別90,11,労働生理,腎臓に関する次の記述のうち、正しいものはどれか。,腎臓は、尿を生成し、水分や電解質の調節に関与する。,腎臓は、胆汁を貯蔵する。,腎臓は、赤血球だけで構成されている。,腎臓は、光を感じる器官である。,腎臓では、空気中の酸素を直接取り込む。,1,正答は1。腎臓は糸球体でろ過・尿細管での再吸収を通じて尿を生成し、水分・電解質の調節や不要物質の排泄に関与しており、(1)の記述は正しい。
オリジナル,カテゴリ別90,12,労働生理,尿の生成に関する次の記述のうち、誤っているものはどれか。,糸球体では、血漿成分の一部が濾過される。,尿細管では、水分や必要な成分の再吸収が行われる。,尿は、体内の不要物の排泄に関与する。,尿検査は、健康状態の把握に役立つことがある。,尿は、肺胞で生成され、気管から排出される。,5,正答は5。尿は腎臓（腎小体と尿細管）で生成されて尿管・膀胱・尿道を通じて体外に排出される。肺胞での生成・気管からの排出という(5)の記述は誤り。
オリジナル,カテゴリ別90,13,労働生理,筋肉に関する次の記述のうち、正しいものはどれか。,骨格筋は、運動神経からの刺激により収縮する。,筋収縮には、ATPは一切関与しない。,平滑筋は、骨に付着し随意的にすばやく収縮する筋肉だけを指す。,心筋は、関節軟骨の一部である。,筋肉は、酸素を運搬する赤血球を産生する唯一の器官である。,1,正答は1。骨格筋は運動神経からの電気的刺激を受けて収縮する随意筋であり、(1)の記述は正しい。(2)筋収縮のエネルギー源はATP、(3)平滑筋は内臓等に存在する不随意筋、(4)心筋は心臓を構成する特殊な横紋筋。
オリジナル,カテゴリ別90,14,労働生理,筋収縮に関する次の記述のうち、誤っているものはどれか。,筋収縮には、ATPがエネルギー源として利用される。,強い運動では、筋肉内で乳酸が生じることがある。,運動により筋肉が太くなることを活動性肥大という。,筋肉は、神経からの刺激によって収縮する。,筋肉は、疲労することがなく、無限に同じ力を出し続けられる。,5,正答は5。筋肉は疲労物質（乳酸等）が蓄積することで疲労し、力を出し続けることができなくなる。「疲労せず無限に力を出し続けられる」とする(5)の記述は誤り。
オリジナル,カテゴリ別90,15,労働生理,神経系に関する次の記述のうち、正しいものはどれか。,神経系は、中枢神経系と末梢神経系に分けられる。,大脳は、消化酵素を分泌する外分泌腺である。,脊髄は、血液凝固因子だけで構成される。,末梢神経は、すべて骨の内部にあり、情報伝達に関与しない。,自律神経系は、視細胞だけを支配する。,1,正答は1。神経系は中枢神経系（脳・脊髄）と末梢神経系（体性神経・自律神経）に分けられており、(1)の記述は正しい。(2)大脳は思考・感覚・運動の中枢、(5)自律神経系は内臓・血管・腺等を支配する。
オリジナル,カテゴリ別90,16,労働生理,自律神経系に関する次の記述のうち、誤っているものはどれか。,自律神経系には、交感神経系と副交感神経系がある。,交感神経と副交感神経は、同一器官に対して拮抗的に働くことがある。,自律神経系は、内臓や血管などの機能調節に関与する。,安静時には、副交感神経の働きが高まることがある。,自律神経系は、意識的に骨格筋だけを収縮させる神経であり、内臓には分布しない。,5,正答は5。自律神経系は内臓・血管・腺等に広く分布し、意識とは無関係に各器官の機能を調節する神経系である。「骨格筋だけを収縮させ内臓には分布しない」とする(5)の記述は誤り。
オリジナル,カテゴリ別90,17,労働生理,感覚器に関する次の記述のうち、正しいものはどれか。,眼の網膜には、光を感じる視細胞がある。,内耳には、味覚だけを感じる受容器がある。,皮膚感覚には、視覚と聴覚しか含まれない。,嗅覚は、音波の周波数を感じる感覚である。,平衡感覚には、胃酸分泌が直接関与する。,1,正答は1。眼の網膜には錐状体（明所・色覚担当）と杆状体（暗所・光覚担当）の2種類の視細胞があり、光を感じる受容器として機能する。(1)の記述は正しい。(2)内耳は聴覚・平衡感覚を担当、(4)嗅覚は化学物質（においの分子）を感じる感覚。
オリジナル,カテゴリ別90,18,労働生理,視覚に関する次の記述のうち、誤っているものはどれか。,錐状体は、明るい所で働き、色の識別に関与する。,杆状体は、暗い所で弱い光を感じる。,遠視では、平行光線が網膜の後方で像を結ぶことがある。,乱視は、角膜などの歪みにより像が正しく結ばれない状態である。,瞳孔は、常に固定され、光量に応じて大きさが変化しない。,5,正答は5。瞳孔は虹彩の働きにより光量に応じて大きさが変化する（明所で縮小・暗所で拡大）。「常に固定され変化しない」とする(5)の記述は誤り。
オリジナル,カテゴリ別90,19,労働生理,聴覚及び平衡感覚に関する次の記述のうち、正しいものはどれか。,内耳には、蝸牛、前庭、半規管があり、聴覚や平衡感覚に関与する。,鼓膜は、光を屈折させる水晶体である。,半規管は、血糖量を調節する内分泌器官である。,蝸牛は、胃液を分泌する。,耳小骨は、尿を生成する器官である。,1,正答は1。内耳は蝸牛（聴覚）・前庭（体の傾きの感覚）・半規管（体の回転の感覚）からなり、聴覚と平衡感覚に関与しており、(1)の記述は正しい。
オリジナル,カテゴリ別90,20,労働生理,体温調節に関する次の記述のうち、正しいものはどれか。,体温調節中枢は、主に間脳の視床下部にある。,暑熱環境では、皮膚血管が常に収縮して放熱を完全に止める。,発汗は、体温調節とは関係しない。,寒冷環境では、発汗が常に最大となる。,体温調節は、外部環境が変化しても全く起こらない。,1,正答は1。体温調節中枢は主に間脳の視床下部にあり、発汗・皮膚血流調節等を通じて体温を一定に保つ機能を担っており、(1)の記述は正しい。(2)暑熱時は皮膚血管が拡張して放熱促進、(3)発汗は気化熱により体温調節に重要な役割を担う。
オリジナル,カテゴリ別90,21,労働生理,代謝に関する次の記述のうち、誤っているものはどれか。,異化では、栄養素が分解されエネルギーが取り出される。,同化では、体に必要な物質が合成される。,ATPは、細胞活動のエネルギーの受け渡しに関与する。,基礎代謝は、生命維持に必要な最低限の代謝である。,代謝とは、体内で一切化学反応が起こらない状態をいう。,5,正答は5。代謝とは生命活動に伴う体内の化学反応（異化・同化等）の総体であり、「一切化学反応が起こらない状態」という(5)の記述は誤り。
オリジナル,カテゴリ別90,22,労働生理,内分泌に関する次の記述のうち、正しいものはどれか。,ホルモンは、内分泌腺などから分泌され、標的器官に作用する。,ホルモンは、すべて消化管内だけで作用する消化酵素である。,内分泌器官は、体内に存在しない。,ホルモンは、血液中を移動することはない。,ホルモンは、体内の調節機能と無関係である。,1,正答は1。ホルモンは内分泌腺等から血液中に分泌され、血流を介して標的器官に到達してその機能を調節する物質であり、(1)の記述は正しい。(4)ホルモンは血液中を移動して作用する。
オリジナル,カテゴリ別90,23,労働生理,インスリンに関する次の記述のうち、正しいものはどれか。,インスリンは、膵臓から分泌され、血糖量を低下させる方向に働く。,インスリンは、副甲状腺から分泌され、血中カルシウム量を低下させる。,インスリンは、松果体から分泌され、睡眠リズムを調節する。,インスリンは、胃から分泌され、胃酸分泌を抑制する。,インスリンは、赤血球から分泌され、酸素を運搬する。,1,正答は1。インスリンは膵臓（膵島β細胞）から分泌され、細胞へのグルコース取り込みを促進して血糖量を低下させるホルモンであり、(1)の記述は正しい。
オリジナル,カテゴリ別90,24,労働生理,免疫に関する次の記述のうち、誤っているものはどれか。,抗原とは、免疫細胞に異物として認識される物質である。,抗体は、抗原に特異的に結合する。,リンパ球は、免疫反応に関与する。,免疫には、体液性免疫と細胞性免疫がある。,抗体は、すべて赤血球の中で酸素と結合する物質である。,5,正答は5。抗体（免疫グロブリン）は体液性免疫においてBリンパ球（形質細胞）から産生される蛋白質であり、赤血球の中で酸素と結合する物質ではない。(5)の記述は誤り。
オリジナル,カテゴリ別90,25,労働生理,ストレス反応に関する次の記述のうち、正しいものはどれか。,ストレス反応には、自律神経系や内分泌系が関与する。,ストレスは、身体反応や心理反応を生じることがない。,適度なストレスも、常に直ちに死亡につながる。,ストレスの原因は、職場環境には存在しない。,副腎皮質ホルモンは、ストレス反応と無関係である。,1,正答は1。ストレス反応には自律神経系（交感神経の亢進等）と内分泌系（副腎皮質ホルモン等の分泌）が関与しており、(1)の記述は正しい。(2)ストレスは身体的・心理的反応を引き起こす、(5)副腎皮質ホルモン（コルチゾール等）はストレス反応に深く関与する。
オリジナル,カテゴリ別90,26,労働生理,睡眠に関する次の記述のうち、誤っているものはどれか。,睡眠には、レム睡眠とノンレム睡眠がある。,睡眠と覚醒には、概日リズムが関係する。,メラトニンは、睡眠に関与するホルモンである。,睡眠不足は、疲労や作業能率に影響することがある。,睡眠中は、脳と身体のすべての機能が完全に停止する。,5,正答は5。睡眠中も脳は活動しており（特にレム睡眠中は活発）、身体の各機能（心拍・呼吸・体温調節等）も継続している。「すべての機能が完全に停止する」とする(5)の記述は誤り。
オリジナル,カテゴリ別90,27,労働生理,栄養素に関する次の記述のうち、正しいものはどれか。,糖質、脂質、蛋白質は、エネルギー源や体構成成分として重要である。,蛋白質は、アミノ酸から構成されていない。,脂質は、体内でエネルギー源として全く利用されない。,ビタミンは、体内で常に大量に合成されるため摂取は不要である。,水分は、生命活動に関与しない。,1,正答は1。糖質・脂質・蛋白質（三大栄養素）はエネルギー源や体の構成成分として重要であり、(1)の記述は正しい。(2)蛋白質は約20種類のアミノ酸から構成される、(3)脂質は重要なエネルギー源でもある、(4)ビタミンは体内でほとんど合成できないため食事から摂取が必要。
オリジナル,カテゴリ別90,28,労働生理,眼精疲労に関する次の記述のうち、正しいものはどれか。,長時間の近見作業や不適切な照明は、眼精疲労の原因となることがある。,眼精疲労では、頭痛や目の痛みが生じることはない。,眼精疲労は、作業環境とは一切関係しない。,眼精疲労を防ぐには、休止時間を完全になくすのがよい。,眼精疲労は、視作業を行う労働者には起こらない。,1,正答は1。長時間の近見作業・不適切な照明・ディスプレイの反射等は眼精疲労の原因となることがあり、(1)の記述は正しい。(2)眼精疲労では前額部の圧迫感・頭痛・目の痛み等が生じることがある、(4)適切な休止や遠くを見ることが眼精疲労軽減に有効。
オリジナル,カテゴリ別90,29,労働生理,ホルモンと内分泌器官の組合せとして、正しいものはどれか。,インスリン 膵臓 血糖量の低下,メラトニン 副腎髄質 血糖量の増加,ガストリン 甲状腺 体温調節,パラソルモン 松果体 睡眠リズムの調節,アドレナリン 胃 胃酸分泌の促進,1,正答は1。インスリンは膵臓から分泌されて血糖量を低下させるホルモンであり、(1)の組合せは正しい。(2)メラトニンは松果体から分泌され睡眠リズムを調節する、(3)ガストリンは胃から分泌されて胃酸分泌を促進する、(4)パラソルモンは副甲状腺から分泌されて血中カルシウム量を調節する、(5)アドレナリンは副腎髄質から分泌される。
オリジナル,カテゴリ別90,30,労働生理,疲労回復に関する次の記述のうち、適切なものはどれか。,十分な睡眠、休養、栄養は、疲労回復に役立つ。,疲労回復には、休憩を一切取らないことが最も有効である。,疲労は、どのような作業でも蓄積しない。,疲労回復には、水分摂取や睡眠は関係しない。,疲労を感じた場合でも、作業方法を見直してはならない。,1,正答は1。十分な睡眠・休養・適切な栄養・水分摂取は疲労回復の基本であり、(1)の記述は適切。(2)適切な休憩が疲労回復に重要、(3)作業によって疲労は蓄積する、(5)疲労を感じた場合は作業方法や環境の見直しを検討することが重要。
