slug,genre,title,content_status,portfolio_block,intent_type,seo_tier,seo_score,auto_decision,merge_target,primary_keyword_hint,rationale,in_keep_core,field_id,field_match,is_custom_slug,expert_pass,slug_cluster,manual_decision,notes
application-deadline-checklist,受験・申込,第二種衛生管理者試験の申込締切前チェックリスト,published,A制度,do,A,78,keep,,第二種衛生管理者試験の申込締切前チェックリスト,KEEP_CORE（SEOハブ・必須）,yes,,n/a,no,yes,other,,
exam-application-flow,受験・申込,第二種衛生管理者試験の申込みの流れ,published,A制度,do,A,78,keep,,第二種衛生管理者試験の申込みの流れ,KEEP_CORE（SEOハブ・必須）,yes,,n/a,no,yes,other,,
exam-eligibility,受験・申込,第二種衛生管理者試験の受験資格,published,A制度,do,A,78,keep,,第二種衛生管理者試験の受験資格,KEEP_CORE（SEOハブ・必須）,yes,,n/a,no,yes,other,,
exam-fees,受験・申込,第二種衛生管理者試験の受験料,published,A制度,do,A,78,keep,,第二種衛生管理者試験の受験料,KEEP_CORE（SEOハブ・必須）,yes,,n/a,no,yes,other,,
exam-schedule,受験・申込,第二種衛生管理者試験の試験日程,published,A制度,do,A,78,keep,,第二種衛生管理者試験の試験日程,KEEP_CORE（SEOハブ・必須）,yes,,n/a,no,yes,other,,
exam-venue-and-region,受験・申込,第二種衛生管理者試験の受験地・会場の確認,published,A制度,do,A,78,keep,,第二種衛生管理者試験の受験地・会場の確認,KEEP_CORE（SEOハブ・必須）,yes,,n/a,no,yes,other,,
official-info-sources,試験概要,第二種衛生管理者試験の公式情報の確認先【要項·公式テキスト·出題範囲】,published,A制度,do,C,66,keep,,第二種衛生管理者試験の公式情報の確認先【要項·公式テキスト·出題範囲】,KEEP_CORE（SEOハブ・必須）,yes,,n/a,no,yes,other,,
pass-announcement-guide,注意点・更新,第二種衛生管理者試験の合格発表の確認方法,published,A制度,do,C,66,keep,,第二種衛生管理者試験の合格発表の確認方法,KEEP_CORE（SEOハブ・必須）,yes,,n/a,no,yes,other,,
registration-after-pass,注意点・更新,第二種衛生管理者試験の合格後の登録·免許,published,A制度,do,C,66,keep,,第二種衛生管理者試験の合格後の登録·免許,KEEP_CORE（SEOハブ・必須）,yes,,n/a,no,yes,other,,
compare-similar-qualifications,試験概要,第二種衛生管理者と類似資格の比較【一種·二種·作業環境測定士】,published,A制度,do,C,36,merge,1shu-2shu-chigai,第二種衛生管理者と類似資格の比較【一種·二種·作業環境測定士】,スコアリングで残否を判定（50本上限・スコア36で merge）,no,,n/a,no,yes,compare,,
exam-purpose-and-career,試験概要,第二種衛生管理者試験の目的とキャリア【資格の位置づけ】,published,A制度,do,C,36,merge,1shu-2shu-chigai,第二種衛生管理者試験の目的とキャリア【資格の位置づけ】,スコアリングで残否を判定（50本上限・スコア36で merge）,no,,n/a,no,yes,other,,
first-time-exam-guide,試験概要,第二種衛生管理者試験の初受験ガイド【30問·3科目·180点】,published,A制度,do,C,36,merge,1shu-2shu-chigai,第二種衛生管理者試験の初受験ガイド【30問·3科目·180点】,スコアリングで残否を判定（50本上限・スコア36で merge）,no,,n/a,no,yes,other,,
concurrent-exam-rules,受験・申込,第二種衛生管理者試験の併願・同日受験のルール,published,A制度,do,A,9,merge,exam-eligibility,第二種衛生管理者試験の併願・同日受験のルール,クラスター統合（テンプレ定義）,no,,n/a,no,yes,other,,
education-requirement,受験・申込,第二種衛生管理者試験の学歴要件と受験資格,published,A制度,do,A,9,merge,exam-eligibility,第二種衛生管理者試験の学歴要件と受験資格,クラスター統合（テンプレ定義）,no,,n/a,no,yes,other,,
exemption-system,受験・申込,第二種衛生管理者試験の免除制度,published,A制度,do,A,9,merge,exam-eligibility,第二種衛生管理者試験の免除制度,クラスター統合（テンプレ定義）,no,,n/a,no,yes,other,,
reschedule-and-absence,受験・申込,第二種衛生管理者試験の欠席・再受験の手続き,published,A制度,do,A,9,merge,exam-schedule,第二種衛生管理者試験の欠席・再受験の手続き,クラスター統合（テンプレ定義）,no,,n/a,no,yes,other,,
work-experience-requirement,受験・申込,第二種衛生管理者試験の実務経験要件,published,A制度,do,A,9,merge,exam-eligibility,第二種衛生管理者試験の実務経験要件,クラスター統合（テンプレ定義）,no,,n/a,no,yes,other,,
exam-format-overview,出題・形式,第二種衛生管理者試験の出題形式の概要【30問·5肢択一·約3時間】,published,B形式,do,C,60,keep,,第二種衛生管理者試験の出題形式の概要【30問·5肢択一·約3時間】,KEEP_CORE（SEOハブ・必須）,yes,,n/a,no,yes,other,,
exam-scope-overview,出題・形式,第二種衛生管理者試験の出題範囲の概要【3科目·有害業務除く】,published,B形式,do,C,60,keep,,第二種衛生管理者試験の出題範囲の概要【3科目·有害業務除く】,KEEP_CORE（SEOハブ・必須）,yes,,n/a,no,yes,other,,
subject-breakdown,出題・形式,第二種衛生管理者試験の科目構成と配点【30問·3科目×10問·各100点·180点·各40点】,published,B形式,do,C,60,keep,,第二種衛生管理者試験の科目構成と配点【30問·3科目×10問·各100点·180点·各40点】,KEEP_CORE（SEOハブ・必須）,yes,,n/a,no,yes,other,,
syllabus-how-to-read,出題・形式,第二種衛生管理者試験の要項·シラバスの読み方,published,B形式,do,C,60,keep,,第二種衛生管理者試験の要項·シラバスの読み方,KEEP_CORE（SEOハブ・必須）,yes,,n/a,no,yes,other,,
time-limit-strategy,出題・形式,第二種衛生管理者試験の時間配分の戦略【30問·6分/問·段階演習設計】,published,B形式,do,C,60,keep,,第二種衛生管理者試験の時間配分の戦略【30問·6分/問·段階演習設計】,KEEP_CORE（SEOハブ・必須）,yes,,n/a,no,yes,other,,
new-topics-trend,出題・形式,第二種衛生管理者試験の近年の出題トレンド【30問·3科目·有害業務除外·公式テキスト】,published,B形式,do,C,7,merge,syllabus-how-to-read,第二種衛生管理者試験の近年の出題トレンド【30問·3科目·有害業務除外·公式テキスト】,クラスター統合（テンプレ定義）,no,,n/a,no,yes,other,,
scope-revision-history,出題・形式,第二種衛生管理者試験の出題範囲の改定履歴【要項·公式テキストの版照合】,published,B形式,do,C,7,merge,syllabus-how-to-read,第二種衛生管理者試験の出題範囲の改定履歴【要項·公式テキストの版照合】,クラスター統合（テンプレ定義）,no,,n/a,no,yes,other,,
scope-vs-past-questions,出題・形式,第二種衛生管理者試験の出題範囲と過去問の対応【30問·有害業務除外フィルター】,published,B形式,do,C,7,merge,syllabus-how-to-read,第二種衛生管理者試験の出題範囲と過去問の対応【30問·有害業務除外フィルター】,クラスター統合（テンプレ定義）,no,,n/a,no,yes,other,,
weight-by-topic,出題・形式,第二種衛生管理者試験の分野別配点と優先順位,published,B形式,do,C,7,merge,subject-breakdown,第二種衛生管理者試験の分野別配点と優先順位,クラスター統合（テンプレ定義）,no,,n/a,no,yes,other,,
cbt-computer-exam,出題・形式,第二種衛生管理者試験のCBT·マークシート対策,published,B形式,do,C,5,retire,,第二種衛生管理者試験のCBT·マークシート対策,試験形式に該当しない slug（CBT/論述等）,no,,n/a,no,yes,other,,
pass-rate,合格・難易度,第二種衛生管理者試験の合格率,published,C難易度,do,A,76,keep,,第二種衛生管理者試験の合格率,KEEP_CORE（SEOハブ・必須）,yes,,n/a,no,yes,other,,
pass-score,合格・難易度,第二種衛生管理者試験の合格点,published,C難易度,do,A,76,keep,,第二種衛生管理者試験の合格点,KEEP_CORE（SEOハブ・必須）,yes,,n/a,no,yes,other,,
difficulty-for-beginners,合格・難易度,第二種衛生管理者試験の初学者向け難易度の見方,published,C難易度,do,A,46,merge,1shu-2shu-chigai,第二種衛生管理者試験の初学者向け難易度の見方,スコアリングで残否を判定（50本上限・スコア46で merge）,no,,n/a,no,yes,other,,
exam-difficulty,合格・難易度,第二種衛生管理者試験の難易度,published,C難易度,do,A,46,merge,1shu-2shu-chigai,第二種衛生管理者試験の難易度,スコアリングで残否を判定（50本上限・スコア46で merge）,no,,n/a,no,yes,other,,
pass-rate-how-to-read,合格・難易度,第二種衛生管理者試験の合格率・統計の読み方,published,C難易度,do,A,46,merge,1shu-2shu-chigai,第二種衛生管理者試験の合格率・統計の読み方,スコアリングで残否を判定（50本上限・スコア46で merge）,no,,n/a,no,yes,other,,
textbook-selection,独学対策,第二種衛生管理者試験のテキストの選び方,published,D学習,do,B,68,keep,,第二種衛生管理者試験のテキストの選び方,KEEP_CORE（SEOハブ・必須）,yes,,n/a,no,yes,other,,
self-study-schedule,独学対策,第二種衛生管理者試験の独学の週間・月間スケジュール,published,D学習,do,A,44,merge,1shu-2shu-chigai,第二種衛生管理者試験の独学の週間・月間スケジュール,スコアリングで残否を判定（50本上限・スコア44で merge）,no,,n/a,no,yes,other,,
balance-work-study,学習計画,第二種衛生管理者試験の仕事と勉強の両立,published,D学習,do,B,38,merge,1shu-2shu-chigai,第二種衛生管理者試験の仕事と勉強の両立,スコアリングで残否を判定（50本上限・スコア38で merge）,no,,n/a,no,yes,other,,
correspondence-course-guide,独学対策,第二種衛生管理者試験の通信講座の選び方,published,D学習,do,B,38,merge,1shu-2shu-chigai,第二種衛生管理者試験の通信講座の選び方,スコアリングで残否を判定（50本上限・スコア38で merge）,no,,n/a,no,yes,other,,
first-30-days-plan,学習計画,第二種衛生管理者試験の最初の30日の学習計画,published,D学習,do,B,38,merge,1shu-2shu-chigai,第二種衛生管理者試験の最初の30日の学習計画,スコアリングで残否を判定（50本上限・スコア38で merge）,no,,n/a,no,yes,other,,
free-materials-online,独学対策,第二種衛生管理者試験の無料教材の活用,published,D学習,do,B,38,merge,1shu-2shu-chigai,第二種衛生管理者試験の無料教材の活用,スコアリングで残否を判定（50本上限・スコア38で merge）,no,,n/a,no,yes,other,,
self-study-environment,独学対策,第二種衛生管理者試験の独学環境の整え方,published,D学習,do,B,38,merge,1shu-2shu-chigai,第二種衛生管理者試験の独学環境の整え方,スコアリングで残否を判定（50本上限・スコア38で merge）,no,,n/a,no,yes,other,,
self-study-mistakes,独学対策,第二種衛生管理者試験の独学のよくある失敗,published,D学習,do,B,38,merge,1shu-2shu-chigai,第二種衛生管理者試験の独学のよくある失敗,スコアリングで残否を判定（50本上限・スコア38で merge）,no,,n/a,no,yes,other,,
self-study-motivation,独学対策,第二種衛生管理者試験の独学のモチベーション維持,published,D学習,do,B,38,merge,1shu-2shu-chigai,第二種衛生管理者試験の独学のモチベーション維持,スコアリングで残否を判定（50本上限・スコア38で merge）,no,,n/a,no,yes,other,,
self-study-start,独学対策,第二種衛生管理者試験の独学の始め方,published,D学習,do,B,38,merge,1shu-2shu-chigai,第二種衛生管理者試験の独学の始め方,スコアリングで残否を判定（50本上限・スコア38で merge）,no,,n/a,no,yes,other,,
self-study-without-school,独学対策,第二種衛生管理者試験の資格学校なしの独学,published,D学習,do,B,38,merge,1shu-2shu-chigai,第二種衛生管理者試験の資格学校なしの独学,スコアリングで残否を判定（50本上限・スコア38で merge）,no,,n/a,no,yes,other,,
study-plan-1year,学習計画,第二種衛生管理者試験の1年学習計画,published,D学習,do,B,38,merge,1shu-2shu-chigai,第二種衛生管理者試験の1年学習計画,スコアリングで残否を判定（50本上限・スコア38で merge）,no,,n/a,no,yes,other,,
study-plan-3months,学習計画,第二種衛生管理者試験の3ヶ月学習計画,published,D学習,do,B,38,merge,1shu-2shu-chigai,第二種衛生管理者試験の3ヶ月学習計画,スコアリングで残否を判定（50本上限・スコア38で merge）,no,,n/a,no,yes,other,,
study-plan-6months,学習計画,第二種衛生管理者試験の6ヶ月学習計画,published,D学習,do,B,38,merge,1shu-2shu-chigai,第二種衛生管理者試験の6ヶ月学習計画,スコアリングで残否を判定（50本上限・スコア38で merge）,no,,n/a,no,yes,other,,
study-plan-beginner,学習計画,第二種衛生管理者試験の初学者向け学習計画,published,D学習,do,B,38,merge,1shu-2shu-chigai,第二種衛生管理者試験の初学者向け学習計画,スコアリングで残否を判定（50本上限・スコア38で merge）,no,,n/a,no,yes,other,,
study-plan-working,学習計画,第二種衛生管理者試験の社会人向け学習計画,published,D学習,do,B,38,merge,1shu-2shu-chigai,第二種衛生管理者試験の社会人向け学習計画,スコアリングで残否を判定（50本上限・スコア38で merge）,no,,n/a,no,yes,other,,
time-management,学習計画,第二種衛生管理者試験の時間管理と習慣化,published,D学習,do,B,38,merge,1shu-2shu-chigai,第二種衛生管理者試験の時間管理と習慣化,スコアリングで残否を判定（50本上限・スコア38で merge）,no,,n/a,no,yes,other,,
mistake-notebook,復習・苦手克服,第二種衛生管理者試験の間違いノートの作り方,published,D学習,do,C,32,merge,1shu-2shu-chigai,第二種衛生管理者試験の間違いノートの作り方,スコアリングで残否を判定（50本上限・スコア32で merge）,no,,n/a,no,yes,other,,
note-taking-method,復習・苦手克服,第二種衛生管理者試験のノートの取り方,published,D学習,do,C,32,merge,1shu-2shu-chigai,第二種衛生管理者試験のノートの取り方,スコアリングで残否を判定（50本上限・スコア32で merge）,no,,n/a,no,yes,other,,
plateau-breakthrough,復習・苦手克服,第二種衛生管理者試験の伸び悩みの突破,published,D学習,do,C,32,merge,1shu-2shu-chigai,第二種衛生管理者試験の伸び悩みの突破,スコアリングで残否を判定（50本上限・スコア32で merge）,no,,n/a,no,yes,other,,
almost-correct-review,復習・苦手克服,第二種衛生管理者試験の惜しい問題の見直し,published,D学習,do,C,8,merge,past-question-strategy,第二種衛生管理者試験の惜しい問題の見直し,クラスター統合（テンプレ定義）,no,,n/a,no,yes,other,,
material-update-cycle,独学対策,第二種衛生管理者試験の教材の版·年度更新サイクル,published,D学習,do,B,8,merge,syllabus-how-to-read,第二種衛生管理者試験の教材の版·年度更新サイクル,クラスター統合（テンプレ定義）,no,,n/a,no,yes,other,,
problem-book-selection,独学対策,第二種衛生管理者試験の問題集の選び方,published,D学習,do,B,8,merge,textbook-selection,第二種衛生管理者試験の問題集の選び方,クラスター統合（テンプレ定義）,no,,n/a,no,yes,other,,
review-cycle-spaced,復習・苦手克服,第二種衛生管理者試験の間隔を空けた復習,published,D学習,do,C,8,merge,retake-strategy,第二種衛生管理者試験の間隔を空けた復習,クラスター統合（テンプレ定義）,no,,n/a,no,yes,other,,
textbook-vs-past-questions,独学対策,第二種衛生管理者試験のテキストと過去問の優先順位,published,D学習,do,B,8,merge,textbook-selection,第二種衛生管理者試験のテキストと過去問の優先順位,クラスター統合（テンプレ定義）,no,,n/a,no,yes,other,,
field-law-basics,分野別対策,第二種衛生管理者試験の関係法令の基礎の押さえ方,published,E分野,do,B,64,keep,,第二種衛生管理者試験の関係法令の基礎の押さえ方,分野別（field-law-basics）（スコア上位で keep 候補）,no,law,ok,no,yes,field,,
field-law-past-question-focus,分野別対策,第二種衛生管理者試験の関係法令の過去問での出題傾向,published,E分野,do,B,64,keep,,第二種衛生管理者試験の関係法令の過去問での出題傾向,分野別（field-law-past-question-focus）（スコア上位で keep 候補）,no,law,ok,no,yes,field,,
field-limit-basics,分野別対策,第二種衛生管理者試験の労働生理の基礎の押さえ方,published,E分野,do,B,64,keep,,第二種衛生管理者試験の労働生理の基礎の押さえ方,分野別（field-limit-basics）（スコア上位で keep 候補）,no,limit,ok,no,yes,field,,
field-limit-past-question-focus,分野別対策,第二種衛生管理者試験の労働生理の過去問での出題傾向,published,E分野,do,B,64,keep,,第二種衛生管理者試験の労働生理の過去問での出題傾向,分野別（field-limit-past-question-focus）（スコア上位で keep 候補）,no,limit,ok,no,yes,field,,
field-rights-basics,分野別対策,第二種衛生管理者試験の労働衛生の基礎の押さえ方,published,E分野,do,B,64,keep,,第二種衛生管理者試験の労働衛生の基礎の押さえ方,分野別（field-rights-basics）（スコア上位で keep 候補）,no,rights,ok,no,yes,field,,
field-rights-past-question-focus,分野別対策,第二種衛生管理者試験の労働衛生の過去問での出題傾向,published,E分野,do,B,64,keep,,第二種衛生管理者試験の労働衛生の過去問での出題傾向,分野別（field-rights-past-question-focus）（スコア上位で keep 候補）,no,rights,ok,no,yes,field,,
field-law-calculation,分野別対策,第二種衛生管理者試験の関係法令の計算・数値問題,published,E分野,do,B,6,merge,field-law-basics,第二種衛生管理者試験の関係法令の計算・数値問題,分野サブ記事→基礎へ統合,no,law,ok,no,yes,field,,
field-law-case-study,分野別対策,第二種衛生管理者試験の関係法令の事例・ケース問題,published,E分野,do,B,6,merge,field-law-basics,第二種衛生管理者試験の関係法令の事例・ケース問題,分野サブ記事→基礎へ統合,no,law,ok,no,yes,field,,
field-law-frequent-topics,分野別対策,第二種衛生管理者試験の関係法令の頻出論点,published,E分野,do,B,6,merge,field-law-basics,第二種衛生管理者試験の関係法令の頻出論点,分野サブ記事→基礎へ統合,no,law,ok,no,yes,field,,
field-limit-calculation,分野別対策,第二種衛生管理者試験の労働生理の計算・数値問題,published,E分野,do,B,6,merge,field-limit-basics,第二種衛生管理者試験の労働生理の計算・数値問題,分野サブ記事→基礎へ統合,no,limit,ok,no,yes,field,,
field-limit-case-study,分野別対策,第二種衛生管理者試験の労働生理の事例・ケース問題,published,E分野,do,B,6,merge,field-limit-basics,第二種衛生管理者試験の労働生理の事例・ケース問題,分野サブ記事→基礎へ統合,no,limit,ok,no,yes,field,,
field-limit-frequent-topics,分野別対策,第二種衛生管理者試験の労働生理の頻出論点,published,E分野,do,B,6,merge,field-limit-basics,第二種衛生管理者試験の労働生理の頻出論点,分野サブ記事→基礎へ統合,no,limit,ok,no,yes,field,,
field-rights-calculation,分野別対策,第二種衛生管理者試験の労働衛生の計算・数値問題,published,E分野,do,B,6,merge,field-rights-basics,第二種衛生管理者試験の労働衛生の計算・数値問題,分野サブ記事→基礎へ統合,no,rights,ok,no,yes,field,,
field-rights-case-study,分野別対策,第二種衛生管理者試験の労働衛生の事例・ケース問題,published,E分野,do,B,6,merge,field-rights-basics,第二種衛生管理者試験の労働衛生の事例・ケース問題,分野サブ記事→基礎へ統合,no,rights,ok,no,yes,field,,
field-rights-frequent-topics,分野別対策,第二種衛生管理者試験の労働衛生の頻出論点,published,E分野,do,B,6,merge,field-rights-basics,第二種衛生管理者試験の労働衛生の頻出論点,分野サブ記事→基礎へ統合,no,rights,ok,no,yes,field,,
past-question-strategy,過去問活用,第二種衛生管理者試験の過去問·模試の使い方【30問演習】,published,E過去問,do,B,66,keep,,第二種衛生管理者試験の過去問·模試の使い方【30問演習】,KEEP_CORE（SEOハブ・必須）,yes,,n/a,no,yes,other,,
past-questions-by-field,過去問活用,第二種衛生管理者試験の分野別過去問の解き方,published,E過去問,do,B,66,keep,,第二種衛生管理者試験の分野別過去問の解き方,KEEP_CORE（SEOハブ・必須）,yes,,n/a,no,yes,other,,
bookmark-review-method,過去問活用,第二種衛生管理者試験のブックマークを使った復習,published,E過去問,do,B,7,merge,past-question-strategy,第二種衛生管理者試験のブックマークを使った復習,クラスター統合（テンプレ定義）,no,,n/a,no,yes,other,,
drill-volume-guide,過去問活用,第二種衛生管理者試験の演習問題量の目安,published,E過去問,do,B,7,merge,past-question-strategy,第二種衛生管理者試験の演習問題量の目安,クラスター統合（テンプレ定義）,no,,n/a,no,yes,other,,
ichimon-practice,過去問活用,第二種衛生管理者試験の一問一答の活用法,published,E過去問,do,B,7,merge,past-question-strategy,第二種衛生管理者試験の一問一答の活用法,クラスター統合（テンプレ定義）,no,,n/a,no,yes,other,,
mock-exam-how-to,過去問活用,第二種衛生管理者試験の模試の活用法【30問本番形式】,published,E過去問,do,B,7,merge,past-question-strategy,第二種衛生管理者試験の模試の活用法【30問本番形式】,クラスター統合（テンプレ定義）,no,,n/a,no,yes,other,,
past-questions-by-year,過去問活用,第二種衛生管理者試験の年度別過去問の解き方,published,E過去問,do,B,7,merge,past-question-strategy,第二種衛生管理者試験の年度別過去問の解き方,クラスター統合（テンプレ定義）,no,,n/a,no,yes,other,,
past-questions-first-attempt,過去問活用,第二種衛生管理者試験の過去問の初回の解き方,published,E過去問,do,B,7,merge,past-question-strategy,第二種衛生管理者試験の過去問の初回の解き方,クラスター統合（テンプレ定義）,no,,n/a,no,yes,other,,
past-questions-latest-year,過去問活用,第二種衛生管理者試験の最新年度過去問の活用法,published,E過去問,do,B,7,merge,past-question-strategy,第二種衛生管理者試験の最新年度過去問の活用法,クラスター統合（テンプレ定義）,no,,n/a,no,yes,other,,
past-questions-review-cycle,過去問活用,第二種衛生管理者試験の過去問の解き直しサイクル,published,E過去問,do,B,7,merge,past-question-strategy,第二種衛生管理者試験の過去問の解き直しサイクル,クラスター統合（テンプレ定義）,no,,n/a,no,yes,other,,
past-questions-score-analysis,過去問活用,第二種衛生管理者試験の過去問の点数分析,published,E過去問,do,B,7,merge,past-question-strategy,第二種衛生管理者試験の過去問の点数分析,クラスター統合（テンプレ定義）,no,,n/a,no,yes,other,,
past-questions-wrong-reasons,過去問活用,第二種衛生管理者試験の過去問の誤答原因の分析,published,E過去問,do,B,7,merge,past-question-strategy,第二種衛生管理者試験の過去問の誤答原因の分析,クラスター統合（テンプレ定義）,no,,n/a,no,yes,other,,
simulation-exam-schedule,過去問活用,第二種衛生管理者試験の模試·演習スケジュール【30問180分通し】,published,E過去問,do,A,7,merge,past-question-strategy,第二種衛生管理者試験の模試·演習スケジュール【30問180分通し】,クラスター統合（テンプレ定義）,no,,n/a,no,yes,other,,
timed-practice,過去問活用,第二種衛生管理者試験の時間を計った演習【30問·6分/問·タイマー記録】,published,E過去問,do,B,7,merge,past-question-strategy,第二種衛生管理者試験の時間を計った演習【30問·6分/問·タイマー記録】,クラスター統合（テンプレ定義）,no,,n/a,no,yes,other,,
exam-day-flow,直前・当日,第二種衛生管理者試験の試験当日の流れ【13:30開始·30問·受付から提出まで】,published,F直前,do,A,76,keep,,第二種衛生管理者試験の試験当日の流れ【13:30開始·30問·受付から提出まで】,KEEP_CORE（SEOハブ・必須）,yes,,n/a,no,yes,other,,
exam-day-items,直前・当日,第二種衛生管理者試験の試験当日の持ち物【受験票·HB鉛筆·前日20:00チェック】,published,F直前,do,A,76,keep,,第二種衛生管理者試験の試験当日の持ち物【受験票·HB鉛筆·前日20:00チェック】,KEEP_CORE（SEOハブ・必須）,yes,,n/a,no,yes,other,,
final-day-checklist,直前・当日,第二種衛生管理者試験の試験前日チェックリスト【10/10（土）20:00·持ち物·睡眠】,published,F直前,do,A,76,keep,,第二種衛生管理者試験の試験前日チェックリスト【10/10（土）20:00·持ち物·睡眠】,KEEP_CORE（SEOハブ・必須）,yes,,n/a,no,yes,other,,
exam-day-time-allocation,直前・当日,第二種衛生管理者試験の試験当日の時間配分【30問·6分/問·見直し10分】,published,F直前,do,A,8,merge,final-day-checklist,第二種衛生管理者試験の試験当日の時間配分【30問·6分/問·見直し10分】,クラスター統合（テンプレ定義）,no,,n/a,no,yes,other,,
exam-day-troubleshooting,直前・当日,第二種衛生管理者試験の試験当日のトラブル対応【遅刻·忘れ物·マークミス】,published,F直前,do,A,8,merge,final-day-checklist,第二種衛生管理者試験の試験当日のトラブル対応【遅刻·忘れ物·マークミス】,クラスター統合（テンプレ定義）,no,,n/a,no,yes,other,,
final-mock-last-run,直前・当日,第二種衛生管理者試験の直前模試の受け方【10/4（日）13:30·30問·180点】,published,F直前,do,A,8,merge,final-day-checklist,第二種衛生管理者試験の直前模試の受け方【10/4（日）13:30·30問·180点】,クラスター統合（テンプレ定義）,no,,n/a,no,yes,other,,
final-scope-narrowing,直前・当日,第二種衛生管理者試験の直前の範囲絞り込み【9/27〜10/10·40点足切り·誤答優先】,published,F直前,do,A,8,merge,final-day-checklist,第二種衛生管理者試験の直前の範囲絞り込み【9/27〜10/10·40点足切り·誤答優先】,クラスター統合（テンプレ定義）,no,,n/a,no,yes,other,,
final-sleep-and-health,直前・当日,第二種衛生管理者試験の直前の睡眠と健康管理【9/27〜10/10·7時間·23:00就寝】,published,F直前,do,A,8,merge,final-day-checklist,第二種衛生管理者試験の直前の睡眠と健康管理【9/27〜10/10·7時間·23:00就寝】,クラスター統合（テンプレ定義）,no,,n/a,no,yes,other,,
final-week-prep,直前・当日,第二種衛生管理者試験の直前1週間の対策【10/4〜10/10·30問·40点足切り】,published,F直前,do,A,8,merge,final-day-checklist,第二種衛生管理者試験の直前1週間の対策【10/4〜10/10·30問·40点足切り】,クラスター統合（テンプレ定義）,no,,n/a,no,yes,other,,
mental-prep-exam-day,直前・当日,第二種衛生管理者試験の試験当日のメンタル対策【10/11·13:30·見送り·呼吸】,published,F直前,do,A,8,merge,final-day-checklist,第二種衛生管理者試験の試験当日のメンタル対策【10/11·13:30·見送り·呼吸】,クラスター統合（テンプレ定義）,no,,n/a,no,yes,other,,
after-pass-procedure,注意点・更新,第二種衛生管理者試験の合格後の手続き,published,G合格後,do,C,56,keep,,第二種衛生管理者試験の合格後の手続き,KEEP_CORE（SEOハブ・必須）,yes,,n/a,no,yes,after-pass,,
retake-strategy,注意点・更新,第二種衛生管理者試験の再受験の戦略,published,G合格後,do,C,56,keep,,第二種衛生管理者試験の再受験の戦略,KEEP_CORE（SEOハブ・必須）,yes,,n/a,no,yes,other,,
eligibility-myths,注意点・更新,第二種衛生管理者試験の受験資格の誤解,published,G合格後,do,A,38,merge,1shu-2shu-chigai,第二種衛生管理者試験の受験資格の誤解,スコアリングで残否を判定（50本上限・スコア38で merge）,no,,n/a,no,yes,other,,
career-after-qualification,注意点・更新,第二種衛生管理者試験の合格後のキャリア,published,G合格後,do,C,26,merge,1shu-2shu-chigai,第二種衛生管理者試験の合格後のキャリア,スコアリングで残否を判定（50本上限・スコア26で merge）,no,,n/a,no,yes,other,,
common-misconceptions,注意点・更新,第二種衛生管理者試験のよくある誤解,published,G合格後,do,C,26,merge,1shu-2shu-chigai,第二種衛生管理者試験のよくある誤解,スコアリングで残否を判定（50本上限・スコア26で merge）,no,,n/a,no,yes,other,,
difficulty-myths,注意点・更新,第二種衛生管理者試験の難易度の神話·誤解,published,G合格後,do,C,26,merge,1shu-2shu-chigai,第二種衛生管理者試験の難易度の神話·誤解,スコアリングで残否を判定（50本上限・スコア26で merge）,no,,n/a,no,yes,other,,
study-hours-myth,注意点・更新,第二種衛生管理者試験の勉強時間の神話,published,G合格後,do,C,26,merge,1shu-2shu-chigai,第二種衛生管理者試験の勉強時間の神話,スコアリングで残否を判定（50本上限・スコア26で merge）,no,,n/a,no,yes,other,,
exam-changes,注意点・更新,第二種衛生管理者試験の制度改定の見方,published,G合格後,do,C,6,merge,syllabus-how-to-read,第二種衛生管理者試験の制度改定の見方,クラスター統合（テンプレ定義）,no,,n/a,no,yes,other,,
fail-retry-plan,注意点・更新,第二種衛生管理者試験の不合格後の再挑戦計画,published,G合格後,do,C,6,merge,retake-strategy,第二種衛生管理者試験の不合格後の再挑戦計画,クラスター統合（テンプレ定義）,no,,n/a,no,yes,other,,
legal-revision-impact,注意点・更新,第二種衛生管理者試験の法改正の学習への影響,published,G合格後,do,C,6,merge,syllabus-how-to-read,第二種衛生管理者試験の法改正の学習への影響,クラスター統合（テンプレ定義）,no,,n/a,no,yes,other,,
official-info-update-habits,注意点・更新,第二種衛生管理者試験の公式情報の更新確認習慣,published,G合格後,do,C,6,merge,syllabus-how-to-read,第二種衛生管理者試験の公式情報の更新確認習慣,クラスター統合（テンプレ定義）,no,,n/a,no,yes,other,,
pass-only-past-questions-myth,注意点・更新,第二種衛生管理者試験の過去問だけで合格できる誤解,published,G合格後,do,C,6,merge,past-question-strategy,第二種衛生管理者試験の過去問だけで合格できる誤解,クラスター統合（テンプレ定義）,no,,n/a,no,yes,other,,
retake-schedule-adjustment,注意点・更新,第二種衛生管理者試験の再受験の日程調整,published,G合格後,do,A,6,merge,retake-strategy,第二種衛生管理者試験の再受験の日程調整,クラスター統合（テンプレ定義）,no,,n/a,no,yes,other,,
score-gap-analysis,注意点・更新,第二種衛生管理者試験の得点差の分析と対策,published,G合格後,do,C,6,merge,retake-strategy,第二種衛生管理者試験の得点差の分析と対策,クラスター統合（テンプレ定義）,no,,n/a,no,yes,other,,
syllabus-update-tracker,注意点・更新,第二種衛生管理者試験のシラバス·出題範囲の更新,published,G合格後,do,C,6,merge,syllabus-how-to-read,第二種衛生管理者試験のシラバス·出題範囲の更新,クラスター統合（テンプレ定義）,no,,n/a,no,yes,other,,
glossary-how-to,用語ハブ活用法,第二種衛生管理者試験の用語解説の使い方,published,H用語導線,know,C,50,keep,,第二種衛生管理者試験の用語解説の使い方,KEEP_CORE（SEOハブ・必須）,yes,,n/a,no,yes,other,,
calculation-drill,用語ハブ活用法,第二種衛生管理者試験の計算ドリル【3科目×数値問題の回し方】,published,H用語導線,know,C,4,merge,past-question-strategy,第二種衛生管理者試験の計算ドリル【3科目×数値問題の回し方】,クラスター統合（テンプレ定義）,no,,n/a,no,yes,other,,
confusing-terms,用語ハブ活用法,第二種衛生管理者試験の混同しやすい用語の活用法,published,H用語導線,know,C,4,merge,glossary-how-to,第二種衛生管理者試験の混同しやすい用語の活用法,クラスター統合（テンプレ定義）,no,,n/a,no,yes,other,,
formula-memorization,用語ハブ活用法,第二種衛生管理者試験の数式·数値の暗記法,published,H用語導線,know,C,4,merge,,第二種衛生管理者試験の数式·数値の暗記法,Know 意図は用語ハブへ寄せる,no,,n/a,no,yes,other,,
glossary-study-method,用語ハブ活用法,第二種衛生管理者試験の用語の学習方法,published,H用語導線,know,C,4,merge,glossary-how-to,第二種衛生管理者試験の用語の学習方法,クラスター統合（テンプレ定義）,no,,n/a,no,yes,other,,
important-terms-list,用語ハブ活用法,第二種衛生管理者試験の重要用語の押さえ方【657語から優先20語へ】,published,H用語導線,know,C,4,merge,glossary-how-to,第二種衛生管理者試験の重要用語の押さえ方【657語から優先20語へ】,クラスター統合（テンプレ定義）,no,,n/a,no,yes,other,,
numbers-and-deadlines,用語ハブ活用法,"第二種衛生管理者試験の数字·期限ハブ活用法【50人·7年·180点·8,800円·演習連動】",published,H用語導線,know,C,4,merge,glossary-how-to,"第二種衛生管理者試験の数字·期限ハブ活用法【50人·7年·180点·8,800円·演習連動】",クラスター統合（テンプレ定義）,no,,n/a,no,yes,other,,
numeric-trap-choices,用語ハブ活用法,第二種衛生管理者試験の数値問題の引っかけ【50人·7年·180点混同肢·関係法令10問】,published,H用語導線,know,C,4,merge,glossary-how-to,第二種衛生管理者試験の数値問題の引っかけ【50人·7年·180点混同肢·関係法令10問】,クラスター統合（テンプレ定義）,no,,n/a,no,yes,other,,
rate-and-percentage,用語ハブ活用法,第二種衛生管理者試験の割合·パーセント問題【180点=60%·各40点=40%】,published,H用語導線,know,C,4,merge,glossary-how-to,第二種衛生管理者試験の割合·パーセント問題【180点=60%·各40点=40%】,クラスター統合（テンプレ定義）,no,,n/a,no,yes,other,,
related-terms-navigation,用語ハブ活用法,第二種衛生管理者試験の関連用語での回遊【657語·用語解説の使い方と役割分担】,published,H用語導線,know,C,4,merge,glossary-how-to,第二種衛生管理者試験の関連用語での回遊【657語·用語解説の使い方と役割分担】,クラスター統合（テンプレ定義）,no,,n/a,no,yes,other,,
terms-importance-levels,用語ハブ活用法,第二種衛生管理者試験の用語の重要度の見方【657語·優先20語·重要用語リストと役割分担】,published,H用語導線,know,C,4,merge,glossary-how-to,第二種衛生管理者試験の用語の重要度の見方【657語·優先20語·重要用語リストと役割分担】,クラスター統合（テンプレ定義）,no,,n/a,no,yes,other,,
terms-with-past-questions,用語ハブ活用法,第二種衛生管理者試験の用語と過去問の併用【演習誤答→用語→解き直し】,published,H用語導線,know,C,4,merge,glossary-how-to,第二種衛生管理者試験の用語と過去問の併用【演習誤答→用語→解き直し】,クラスター統合（テンプレ定義）,no,,n/a,no,yes,other,,
3kagetsu-goukaku,試験概要,第二種衛生管理者の3ヶ月勉強計画【週別ロードマップ】,published,I固有,do,A,50,keep,,第二種衛生管理者の3ヶ月勉強計画【週別ロードマップ】,テンプレ外の固有 slug（検索需要を人手確認）（スコア上位で keep 候補）,no,,n/a,yes,yes,other,,
goukaku-happyo-kakunin,試験概要,第二種衛生管理者の合格発表はいつ？確認方法·免許申請の流れまで解説,published,I固有,do,A,50,keep,,第二種衛生管理者の合格発表はいつ？確認方法·免許申請の流れまで解説,テンプレ外の固有 slug（検索需要を人手確認）（スコア上位で keep 候補）,no,,n/a,yes,yes,other,,
goukaku-kijun,合格・難易度,第二種衛生管理者試験の合格基準と足切りライン,published,I固有,do,A,50,keep,,第二種衛生管理者試験の合格基準と足切りライン,テンプレ外の固有 slug（検索需要を人手確認）（スコア上位で keep 候補）,no,,n/a,yes,yes,other,,
goukakuritsu,合格・難易度,第二種衛生管理者の合格率・難易度【2024年度49.8%】年度別推移と合格のリアルを解説,published,I固有,do,A,50,keep,,第二種衛生管理者の合格率・難易度【2024年度49.8%】年度別推移と合格のリアルを解説,テンプレ外の固有 slug（検索需要を人手確認）（スコア上位で keep 候補）,no,,n/a,yes,yes,other,,
ikkagetsu-goukaku,試験概要,第二種衛生管理者を1ヶ月で合格する勉強計画【1日2時間·週別スケジュール】,published,I固有,do,A,50,keep,,第二種衛生管理者を1ヶ月で合格する勉強計画【1日2時間·週別スケジュール】,テンプレ外の固有 slug（検索需要を人手確認）（スコア上位で keep 候補）,no,,n/a,yes,yes,other,,
juken-ryo-hiyo,試験概要,"第二種衛生管理者の受験料・費用【8,800円＋テキスト代・交通費の総額を解説】",published,I固有,do,A,50,keep,,"第二種衛生管理者の受験料・費用【8,800円＋テキスト代・交通費の総額を解説】",テンプレ外の固有 slug（検索需要を人手確認）（スコア上位で keep 候補）,no,,n/a,yes,yes,other,,
juken-ryo-sougohiyo,試験概要,"第二種衛生管理者の受験料・総費用【8,800円＋テキスト＋交通費の合計】",published,I固有,do,A,50,keep,,"第二種衛生管理者の受験料・総費用【8,800円＋テキスト＋交通費の合計】",テンプレ外の固有 slug（検索需要を人手確認）（スコア上位で keep 候補）,no,,n/a,yes,yes,other,,
juken-shikaku,受験・申込,第二種衛生管理者試験の受験資格と実務経験の確認方法,published,I固有,do,A,50,keep,,第二種衛生管理者試験の受験資格と実務経験の確認方法,テンプレ外の固有 slug（検索需要を人手確認）（スコア上位で keep 候補）,no,,n/a,yes,yes,other,,
shiken-kaijo,直前・当日,第二種衛生管理者の試験会場【全国7センター·10/11·公式リンク】,published,I固有,do,A,50,merge,1shu-2shu-chigai,第二種衛生管理者の試験会場【全国7センター·10/11·公式リンク】,テンプレ外の固有 slug（検索需要を人手確認）（50本上限・スコア50で merge）,no,,n/a,yes,yes,other,,
shiken-kamoku,試験概要,第二種衛生管理者の試験科目・出題範囲【3科目30問・配点・頻出テーマ一覧】,published,I固有,do,A,50,merge,1shu-2shu-chigai,第二種衛生管理者の試験科目・出題範囲【3科目30問・配点・頻出テーマ一覧】,テンプレ外の固有 slug（検索需要を人手確認）（50本上限・スコア50で merge）,no,,n/a,yes,yes,other,,
shiken-nittei,受験・申込,第二種衛生管理者試験の日程と申込方法の確認手順,published,I固有,do,A,50,merge,1shu-2shu-chigai,第二種衛生管理者試験の日程と申込方法の確認手順,テンプレ外の固有 slug（検索需要を人手確認）（50本上限・スコア50で merge）,no,,n/a,yes,yes,other,,
shiken-tojitsu-mochimono,直前・当日,第二種衛生管理者試験当日の持ち物【10/10 20:00·封筒3分区·10項目】,published,I固有,do,A,50,merge,1shu-2shu-chigai,第二種衛生管理者試験当日の持ち物【10/10 20:00·封筒3分区·10項目】,テンプレ外の固有 slug（検索需要を人手確認）（50本上限・スコア50で merge）,no,,n/a,yes,yes,other,,
shiken-tojitsu-nagare,直前・当日,第二種衛生管理者試験当日の流れ【10/11·13:30·分刻み表】,published,I固有,do,A,50,merge,1shu-2shu-chigai,第二種衛生管理者試験当日の流れ【10/11·13:30·分刻み表】,テンプレ外の固有 slug（検索需要を人手確認）（50本上限・スコア50で merge）,no,,n/a,yes,yes,other,,
6kagetsu-keikaku,学習計画,第二種衛生管理者の6か月勉強計画【働きながら受験】,published,I固有,do,B,44,merge,1shu-2shu-chigai,第二種衛生管理者の6か月勉強計画【働きながら受験】,テンプレ外の固有 slug（検索需要を人手確認）（50本上限・スコア44で merge）,no,,n/a,yes,yes,other,,
benkyou-jikan,学習計画,第二種衛生管理者の勉強時間は約60時間【1ヶ月・2ヶ月・3ヶ月の学習スケジュール】,published,I固有,do,B,44,merge,1shu-2shu-chigai,第二種衛生管理者の勉強時間は約60時間【1ヶ月・2ヶ月・3ヶ月の学習スケジュール】,テンプレ外の固有 slug（検索需要を人手確認）（50本上限・スコア44で merge）,no,,n/a,yes,yes,other,,
category-kankeihorei,分野別対策,関係法令の用語解説一覧【第二種衛生管理者試験】頻出テーマ完全網羅,published,I固有,do,B,44,merge,1shu-2shu-chigai,関係法令の用語解説一覧【第二種衛生管理者試験】頻出テーマ完全網羅,テンプレ外の固有 slug（検索需要を人手確認）（50本上限・スコア44で merge）,no,,n/a,yes,yes,other,,
choujikan-mensetu-80h,学習計画,長時間労働者面接指導（月80時間超）の要件・産業医・記録を整理【第二種衛生管理者試験】,published,I固有,do,B,44,merge,1shu-2shu-chigai,長時間労働者面接指導（月80時間超）の要件・産業医・記録を整理【第二種衛生管理者試験】,テンプレ外の固有 slug（検索需要を人手確認）（50本上限・スコア44で merge）,no,,n/a,yes,yes,other,,
dokugaku-guide,独学対策,第二種衛生管理者の独学合格ガイド,published,I固有,do,B,44,merge,1shu-2shu-chigai,第二種衛生管理者の独学合格ガイド,テンプレ外の固有 slug（検索需要を人手確認）（50本上限・スコア44で merge）,no,,n/a,yes,yes,other,,
dokugaku-roadmap,独学対策,第二種衛生管理者の独学合格ロードマップ,published,I固有,do,B,44,merge,1shu-2shu-chigai,第二種衛生管理者の独学合格ロードマップ,テンプレ外の固有 slug（検索需要を人手確認）（50本上限・スコア44で merge）,no,,n/a,yes,yes,other,,
jikan-haibun,学習計画,第二種衛生管理者試験の学習時間配分【週次計画と30問演習】,published,I固有,do,B,44,merge,1shu-2shu-chigai,第二種衛生管理者試験の学習時間配分【週次計画と30問演習】,テンプレ外の固有 slug（検索需要を人手確認）（50本上限・スコア44で merge）,no,,n/a,yes,yes,other,,
kagaku-busshitsu-dokusho-hikaku,分野別対策,化学物質の急性毒性·慢性毒性·ばく露経路比較【第二種衛生管理者試験】,published,I固有,do,B,44,merge,1shu-2shu-chigai,化学物質の急性毒性·慢性毒性·ばく露経路比較【第二種衛生管理者試験】,テンプレ外の固有 slug（検索需要を人手確認）（50本上限・スコア44で merge）,no,,n/a,yes,yes,other,,
kakomon-nannennbun,過去問活用,第二種衛生管理者の過去問は何年分やればいい？効果的な使い方と入手方法,published,I固有,do,B,44,merge,1shu-2shu-chigai,第二種衛生管理者の過去問は何年分やればいい？効果的な使い方と入手方法,テンプレ外の固有 slug（検索需要を人手確認）（50本上限・スコア44で merge）,no,,n/a,yes,yes,other,,
kyokuho-haikisochi-kosei,分野別対策,局所排気装置の構成·フード種類·設置優先度【第二種衛生管理者試験】,published,I固有,do,B,44,merge,1shu-2shu-chigai,局所排気装置の構成·フード種類·設置優先度【第二種衛生管理者試験】,テンプレ外の固有 slug（検索需要を人手確認）（50本上限・スコア44で merge）,no,,n/a,yes,yes,other,,
necchuysho-shoudo,分野別対策,第二種衛生管理者試験の熱中症·温度【WBGT·体温調節】,published,I固有,do,B,44,merge,1shu-2shu-chigai,第二種衛生管理者試験の熱中症·温度【WBGT·体温調節】,テンプレ外の固有 slug（検索需要を人手確認）（50本上限・スコア44で merge）,no,,n/a,yes,yes,other,,
rodo-eisei-matome,分野別対策,労働衛生まとめ【第二種衛生管理者】WBGT・局所排気・騒音・保護具を一覧整理,published,I固有,do,B,44,merge,1shu-2shu-chigai,労働衛生まとめ【第二種衛生管理者】WBGT・局所排気・騒音・保護具を一覧整理,テンプレ外の固有 slug（検索需要を人手確認）（50本上限・スコア44で merge）,no,,n/a,yes,yes,other,,
rodo-seiri-matome,分野別対策,労働生理まとめ【第二種衛生管理者】熱中症·一酸化炭素·じん肺·騒音性難聴を整理,published,I固有,do,B,44,merge,1shu-2shu-chigai,労働生理まとめ【第二種衛生管理者】熱中症·一酸化炭素·じん肺·騒音性難聴を整理,テンプレ外の固有 slug（検索需要を人手確認）（50本上限・スコア44で merge）,no,,n/a,yes,yes,other,,
sanso-ketsubosho-18,分野別対策,酸素欠乏症の18%基準・硫化水素10ppm・予防手順を整理【第二種衛生管理者試験】,published,I固有,do,B,44,merge,1shu-2shu-chigai,酸素欠乏症の18%基準・硫化水素10ppm・予防手順を整理【第二種衛生管理者試験】,テンプレ外の固有 slug（検索需要を人手確認）（50本上限・スコア44で merge）,no,,n/a,yes,yes,other,,
sanso-ketsubosho-kijun,分野別対策,第二種衛生管理者試験の酸素欠乏症等防止規則の数値基準【18%・10ppm・作業前測定・監視人】完全整理,published,I固有,do,B,44,merge,1shu-2shu-chigai,第二種衛生管理者試験の酸素欠乏症等防止規則の数値基準【18%・10ppm・作業前測定・監視人】完全整理,テンプレ外の固有 slug（検索需要を人手確認）（50本上限・スコア44で merge）,no,,n/a,yes,yes,other,,
soonnsei-nacho-4000hz,分野別対策,騒音性難聴の特徴·4000Hz·感音性難聴·TTS·PTSを整理【第二種衛生管理者試験】,published,I固有,do,B,44,merge,1shu-2shu-chigai,騒音性難聴の特徴·4000Hz·感音性難聴·TTS·PTSを整理【第二種衛生管理者試験】,テンプレ外の固有 slug（検索需要を人手確認）（50本上限・スコア44で merge）,no,,n/a,yes,yes,other,,
soonssei-nacho-4000hz,分野別対策,第二種衛生管理者試験の騒音性難聴【4000Hz・TTS・PTS】試験に出る仕組みを整理,published,I固有,do,B,44,merge,1shu-2shu-chigai,第二種衛生管理者試験の騒音性難聴【4000Hz・TTS・PTS】試験に出る仕組みを整理,テンプレ外の固有 slug（検索需要を人手確認）（50本上限・スコア44で merge）,no,,n/a,yes,yes,other,,
tsushin-kouza-vs-dokugaku,独学対策,第二種衛生管理者 通信講座vs独学どちらがいい？【費用·向き不向き·ASP禁止】,published,I固有,do,B,44,merge,1shu-2shu-chigai,第二種衛生管理者 通信講座vs独学どちらがいい？【費用·向き不向き·ASP禁止】,テンプレ外の固有 slug（検索需要を人手確認）（50本上限・スコア44で merge）,no,,n/a,yes,yes,other,,
about,試験対策,二衛マスターについて｜第二種衛生管理者試験の無料学習サイト,published,I固有,do,C,38,merge,1shu-2shu-chigai,二衛マスターについて｜第二種衛生管理者試験の無料学習サイト,テンプレ外の固有 slug（検索需要を人手確認）（50本上限・スコア38で merge）,no,,n/a,yes,yes,other,,
bookmark-fukushu,試験対策,第二種衛生管理者試験の間違え問題の復習サイクル【過去問·一問一答の定着法】,published,I固有,do,C,38,merge,1shu-2shu-chigai,第二種衛生管理者試験の間違え問題の復習サイクル【過去問·一問一答の定着法】,テンプレ外の固有 slug（検索需要を人手確認）（50本上限・スコア38で merge）,no,,n/a,yes,yes,other,,
category-rodoeisei,試験対策,労働衛生の用語解説一覧【第二種衛生管理者試験】頻出テーマ完全網羅,published,I固有,do,C,38,merge,1shu-2shu-chigai,労働衛生の用語解説一覧【第二種衛生管理者試験】頻出テーマ完全網羅,テンプレ外の固有 slug（検索需要を人手確認）（50本上限・スコア38で merge）,no,,n/a,yes,yes,other,,
category-rodoseiri,試験対策,労働生理の用語解説一覧【第二種衛生管理者試験】頻出テーマ完全網羅,published,I固有,do,C,38,merge,1shu-2shu-chigai,労働生理の用語解説一覧【第二種衛生管理者試験】頻出テーマ完全網羅,テンプレ外の固有 slug（検索需要を人手確認）（50本上限・スコア38で merge）,no,,n/a,yes,yes,other,,
chubu-center,試験対策,中部安全衛生技術センターで受験する方の確認手順,published,I固有,do,C,38,merge,1shu-2shu-chigai,中部安全衛生技術センターで受験する方の確認手順,テンプレ外の固有 slug（検索需要を人手確認）（50本上限・スコア38で merge）,no,,n/a,yes,yes,other,,
chushikoku-center,試験対策,中国四国安全衛生技術センターで受験する方の確認手順,published,I固有,do,C,38,merge,1shu-2shu-chigai,中国四国安全衛生技術センターで受験する方の確認手順,テンプレ外の固有 slug（検索需要を人手確認）（50本上限・スコア38で merge）,no,,n/a,yes,yes,other,,
dai2shu-gyoshu-ichiran,試験対策,第二種衛生管理者が選任できる業種の完全一覧【選任·受験資格】,published,I固有,do,C,38,merge,1shu-2shu-chigai,第二種衛生管理者が選任できる業種の完全一覧【選任·受験資格】,テンプレ外の固有 slug（検索需要を人手確認）（50本上限・スコア38で merge）,no,,n/a,yes,yes,other,,
dai2shu-taishogyo-shu,試験対策,第二種衛生管理者の対象業種【第一種必須との境界整理】,published,I固有,do,C,38,merge,1shu-2shu-chigai,第二種衛生管理者の対象業種【第一種必須との境界整理】,テンプレ外の固有 slug（検索需要を人手確認）（50本上限・スコア38で merge）,no,,n/a,yes,yes,other,,
denri-hoshasen-senyodo,試験対策,電離放射線·線エネルギー【5年100mSv·3ヶ月1.3mSv】第二種整理,published,I固有,do,C,38,merge,1shu-2shu-chigai,電離放射線·線エネルギー【5年100mSv·3ヶ月1.3mSv】第二種整理,テンプレ外の固有 slug（検索需要を人手確認）（50本上限・スコア38で merge）,no,,n/a,yes,yes,other,,
eisei-iinkai-kosei,試験対策,第二種衛生管理者試験の衛生委員会の構成【関係法令·労働衛生論点】,published,I固有,do,C,38,merge,1shu-2shu-chigai,第二種衛生管理者試験の衛生委員会の構成【関係法令·労働衛生論点】,テンプレ外の固有 slug（検索需要を人手確認）（50本上限・スコア38で merge）,no,,n/a,yes,yes,other,,
hokkaido-center,試験対策,北海道安全衛生技術センターで受験する方の確認手順,published,I固有,do,C,38,merge,1shu-2shu-chigai,北海道安全衛生技術センターで受験する方の確認手順,テンプレ外の固有 slug（検索需要を人手確認）（50本上限・スコア38で merge）,no,,n/a,yes,yes,other,,
hoshasen-alara-3gensoku,試験対策,放射線ALARA·3原則【時間·距離·遮蔽·第二種30問】,published,I固有,do,C,38,merge,1shu-2shu-chigai,放射線ALARA·3原則【時間·距離·遮蔽·第二種30問】,テンプレ外の固有 slug（検索需要を人手確認）（50本上限・スコア38で merge）,no,,n/a,yes,yes,other,,
hoshu-bunseki-ryuryo,試験対策,捕集·分析·流量校正【局所排気·ミゼットインピンジャー·第二種】,published,I固有,do,C,38,merge,1shu-2shu-chigai,捕集·分析·流量校正【局所排気·ミゼットインピンジャー·第二種】,テンプレ外の固有 slug（検索需要を人手確認）（50本上限・スコア38で merge）,no,,n/a,yes,yes,other,,
ichimon-ittou,試験対策,第二種衛生管理者の1問1答演習のやり方【657問·30問本番との役割分担】,published,I固有,do,C,38,merge,1shu-2shu-chigai,第二種衛生管理者の1問1答演習のやり方【657問·30問本番との役割分担】,テンプレ外の固有 slug（検索需要を人手確認）（50本上限・スコア38で merge）,no,,n/a,yes,yes,other,,
ichisanka-tanso-coh,試験対策,一酸化炭素·COHb【労働生理10問·第二種衛生管理者試験】,published,I固有,do,C,38,merge,1shu-2shu-chigai,一酸化炭素·COHb【労働生理10問·第二種衛生管理者試験】,テンプレ外の固有 slug（検索需要を人手確認）（50本上限・スコア38で merge）,no,,n/a,yes,yes,other,,
jinpai-kanri-kenko,試験対策,じん肺管理·健康診断【7年保存·第二種関係法令·労働生理】,published,I固有,do,C,38,merge,1shu-2shu-chigai,じん肺管理·健康診断【7年保存·第二種関係法令·労働生理】,テンプレ外の固有 slug（検索需要を人手確認）（50本上限・スコア38で merge）,no,,n/a,yes,yes,other,,
jinpai-tokuchou,試験対策,じん肺の種類·不可逆性·管理区分·珪肺【第二種関係法令·労働生理】,published,I固有,do,C,38,merge,1shu-2shu-chigai,じん肺の種類·不可逆性·管理区分·珪肺【第二種関係法令·労働生理】,テンプレ外の固有 slug（検索需要を人手確認）（50本上限・スコア38で merge）,no,,n/a,yes,yes,other,,
jisshi-moshikomi-tejun,試験対策,第二種衛生管理者の申込手順【写真·申込書·必要書類の実務】,published,I固有,do,C,38,merge,1shu-2shu-chigai,第二種衛生管理者の申込手順【写真·申込書·必要書類の実務】,テンプレ外の固有 slug（検索需要を人手確認）（50本上限・スコア38で merge）,no,,n/a,yes,yes,other,,
kamoku-menjo,試験対策,第二種衛生管理者の科目免除概要【30→20問·3h→2h15m·申込時申請】,published,I固有,do,C,38,merge,1shu-2shu-chigai,第二種衛生管理者の科目免除概要【30→20問·3h→2h15m·申込時申請】,テンプレ外の固有 slug（検索需要を人手確認）（50本上限・スコア38で merge）,no,,n/a,yes,yes,other,,
kamoku-menjo-jouken,試験対策,第二種衛生管理者の科目免除条件·対象者【要項表ベース】,published,I固有,do,C,38,merge,1shu-2shu-chigai,第二種衛生管理者の科目免除条件·対象者【要項表ベース】,テンプレ外の固有 slug（検索需要を人手確認）（50本上限・スコア38で merge）,no,,n/a,yes,yes,other,,
kanri-kubun-oboekata,試験対策,作業環境管理区分の覚え方【第1〜第3管理·措置A/B·第二種関係法令10問】,published,I固有,do,C,38,merge,1shu-2shu-chigai,作業環境管理区分の覚え方【第1〜第3管理·措置A/B·第二種関係法令10問】,テンプレ外の固有 slug（検索需要を人手確認）（50本上限・スコア38で merge）,no,,n/a,yes,yes,other,,
kanri-taisei-zentaizo,試験対策,労働安全衛生法の管理体制【全体図·選任要件50人等·第二種関係法令10問】,published,I固有,do,C,38,merge,1shu-2shu-chigai,労働安全衛生法の管理体制【全体図·選任要件50人等·第二種関係法令10問】,テンプレ外の固有 slug（検索需要を人手確認）（50本上限・スコア38で merge）,no,,n/a,yes,yes,other,,
kanto-center,試験対策,関東安全衛生技術センターで受験する方の確認手順,published,I固有,do,C,38,merge,1shu-2shu-chigai,関東安全衛生技術センターで受験する方の確認手順,テンプレ外の固有 slug（検索需要を人手確認）（50本上限・スコア38で merge）,no,,n/a,yes,yes,other,,
karotein-sds-ghs,試験対策,SDS·GHS·リスクアセスメントの関係【第二種労働衛生10問】,published,I固有,do,C,38,merge,1shu-2shu-chigai,SDS·GHS·リスクアセスメントの関係【第二種労働衛生10問】,テンプレ外の固有 slug（検索需要を人手確認）（50本上限・スコア38で merge）,no,,n/a,yes,yes,other,,
kenko-shindan-hindo,試験対策,健康診断の種類·頻度·保存期間【数値表·7年·50人·第二種関係法令10問】,published,I固有,do,C,38,merge,1shu-2shu-chigai,健康診断の種類·頻度·保存期間【数値表·7年·50人·第二種関係法令10問】,テンプレ外の固有 slug（検索需要を人手確認）（50本上限・スコア38で merge）,no,,n/a,yes,yes,other,,
kenko-shindan-jigo-tejun,試験対策,健康診断の事後措置·医師意見聴取·就業制限の手順【第二種関係法令10問】,published,I固有,do,C,38,merge,1shu-2shu-chigai,健康診断の事後措置·医師意見聴取·就業制限の手順【第二種関係法令10問】,テンプレ外の固有 slug（検索需要を人手確認）（50本上限・スコア38で merge）,no,,n/a,yes,yes,other,,
kinki-center,試験対策,近畿安全衛生技術センターで受験する方の確認手順,published,I固有,do,C,38,merge,1shu-2shu-chigai,近畿安全衛生技術センターで受験する方の確認手順,テンプレ外の固有 slug（検索需要を人手確認）（50本上限・スコア38で merge）,no,,n/a,yes,yes,other,,
kiroku-hozon-kikan,試験対策,記録保存期間一覧【3·5·7·30·40年·第二種関係法令10問】,published,I固有,do,C,38,merge,1shu-2shu-chigai,記録保存期間一覧【3·5·7·30·40年·第二種関係法令10問】,テンプレ外の固有 slug（検索需要を人手確認）（50本上限・スコア38で merge）,no,,n/a,yes,yes,other,,
kokyuyo-hogo-gu-erabikata,試験対策,呼吸用保護具の種類と選び方【防じん·防毒·送気マスク·第二種労働衛生10問】,published,I固有,do,C,38,merge,1shu-2shu-chigai,呼吸用保護具の種類と選び方【防じん·防毒·送気マスク·第二種労働衛生10問】,テンプレ外の固有 slug（検索需要を人手確認）（50本上限・スコア38で merge）,no,,n/a,yes,yes,other,,
kyushu-center,試験対策,九州安全衛生技術センターで受験する方の確認手順,published,I固有,do,C,38,merge,1shu-2shu-chigai,九州安全衛生技術センターで受験する方の確認手順,テンプレ外の固有 slug（検索需要を人手確認）（50本上限・スコア38で merge）,no,,n/a,yes,yes,other,,
nankaimo-ochiru,試験対策,第二種衛生管理者に何回も落ちる人の3つの原因と対策【足切り·時間配分·演習量】,published,I固有,do,C,38,merge,1shu-2shu-chigai,第二種衛生管理者に何回も落ちる人の3つの原因と対策【足切り·時間配分·演習量】,テンプレ外の固有 slug（検索需要を人手確認）（50本上限・スコア38で merge）,no,,n/a,yes,yes,other,,
nankaisei,試験対策,第二種衛生管理者は何問正解で合格？科目別の合格ラインを問題数で計算,published,I固有,do,C,38,merge,1shu-2shu-chigai,第二種衛生管理者は何問正解で合格？科目別の合格ラインを問題数で計算,テンプレ外の固有 slug（検索需要を人手確認）（50本上限・スコア38で merge）,no,,n/a,yes,yes,other,,
nenshosha-ninsanpu-seigen,試験対策,第二種衛生管理者試験の年少者·妊産婦の就業制限【関係法令10問·数値·主体】,published,I固有,do,C,38,merge,1shu-2shu-chigai,第二種衛生管理者試験の年少者·妊産婦の就業制限【関係法令10問·数値·主体】,テンプレ外の固有 slug（検索需要を人手確認）（50本上限・スコア38で merge）,no,,n/a,yes,yes,other,,
niji-kenko-shindan-guide,試験対策,第二種衛生管理者試験の二次健康診断の流れ·就業上措置【事業者の対応·手順表】,published,I固有,do,C,38,merge,1shu-2shu-chigai,第二種衛生管理者試験の二次健康診断の流れ·就業上措置【事業者の対応·手順表】,テンプレ外の固有 slug（検索需要を人手確認）（50本上限・スコア38で merge）,no,,n/a,yes,yes,other,,
osusume-app,試験対策,第二種衛生管理者試験のおすすめ学習ツール3選【無料·実践演習·一問一答657問·用語657語】,published,I固有,do,C,38,merge,1shu-2shu-chigai,第二種衛生管理者試験のおすすめ学習ツール3選【無料·実践演習·一問一答657問·用語657語】,テンプレ外の固有 slug（検索需要を人手確認）（50本上限・スコア38で merge）,no,,n/a,yes,yes,other,,
risk-assessment-tejun,試験対策,第二種衛生管理者試験のリスクアセスメント手順【4ステップ·SDS·GHS連携】,published,I固有,do,C,38,merge,1shu-2shu-chigai,第二種衛生管理者試験のリスクアセスメント手順【4ステップ·SDS·GHS連携】,テンプレ外の固有 slug（検索需要を人手確認）（50本上限・スコア38で merge）,no,,n/a,yes,yes,other,,
risk-assessment-yusendo,試験対策,第二種衛生管理者試験のリスクアセスメント優先順位·記録義務,published,I固有,do,C,38,merge,1shu-2shu-chigai,第二種衛生管理者試験のリスクアセスメント優先順位·記録義務,テンプレ外の固有 slug（検索需要を人手確認）（50本上限・スコア38で merge）,no,,n/a,yes,yes,other,,
sagyo-kankyo-kanri-flow,試験対策,第二種衛生管理者試験の作業環境管理区分の流れ【判定→措置→再評価·覚え方連携】,published,I固有,do,C,38,merge,1shu-2shu-chigai,第二種衛生管理者試験の作業環境管理区分の流れ【判定→措置→再評価·覚え方連携】,テンプレ外の固有 slug（検索需要を人手確認）（50本上限・スコア38で merge）,no,,n/a,yes,yes,other,,
sagyo-kankyo-sokutei-hindo,試験対策,第二種衛生管理者試験の作業環境測定の頻度【有機溶剤6か月·鉛1年·関係法令10問】,published,I固有,do,C,38,merge,1shu-2shu-chigai,第二種衛生管理者試験の作業環境測定の頻度【有機溶剤6か月·鉛1年·関係法令10問】,テンプレ外の固有 slug（検索需要を人手確認）（50本上限・スコア38で merge）,no,,n/a,yes,yes,other,,
sagyo-kankyohyoka-kanri,試験対策,第二種衛生管理者試験の作業環境管理区分【判定·措置·掲示·覚え方·フロー連携】,published,I固有,do,C,38,merge,1shu-2shu-chigai,第二種衛生管理者試験の作業環境管理区分【判定·措置·掲示·覚え方·フロー連携】,テンプレ外の固有 slug（検索需要を人手確認）（50本上限・スコア38で merge）,no,,n/a,yes,yes,other,,
sagyo-shunin-ichiran,試験対策,第二種衛生管理者試験の作業主任者【種類·資格一覧·関係法令10問】,published,I固有,do,C,38,merge,1shu-2shu-chigai,第二種衛生管理者試験の作業主任者【種類·資格一覧·関係法令10問】,テンプレ外の固有 slug（検索需要を人手確認）（50本上限・スコア38で merge）,no,,n/a,yes,yes,other,,
saijuken-taisaku,試験概要,第二種衛生管理者の再受験対策【不合格直後48時間·立て直し】,published,I固有,do,C,38,merge,1shu-2shu-chigai,第二種衛生管理者の再受験対策【不合格直後48時間·立て直し】,テンプレ外の固有 slug（検索需要を人手確認）（50本上限・スコア38で merge）,no,,n/a,yes,yes,other,,
sangyo-i-shokumu-junshi,試験対策,第二種衛生管理者試験の産業医【職務·選任·月1回巡視·50人·300人連携】,published,I固有,do,C,38,merge,1shu-2shu-chigai,第二種衛生管理者試験の産業医【職務·選任·月1回巡視·50人·300人連携】,テンプレ外の固有 slug（検索需要を人手確認）（50本上限・スコア38で merge）,no,,n/a,yes,yes,other,,
sekimen-40nen-jizen-chosa,試験対策,第二種衛生管理者試験の石綿障害予防規則【事前調査·40年保存·6か月健診·関係法令10問】,published,I固有,do,C,38,merge,1shu-2shu-chigai,第二種衛生管理者試験の石綿障害予防規則【事前調査·40年保存·6か月健診·関係法令10問】,テンプレ外の固有 slug（検索需要を人手確認）（50本上限・スコア38で merge）,no,,n/a,yes,yes,other,,
sennin-people,試験対策,第二種衛生管理者試験の衛生管理者選任人数·専任要件,published,I固有,do,C,38,merge,1shu-2shu-chigai,第二種衛生管理者試験の衛生管理者選任人数·専任要件,テンプレ外の固有 slug（検索需要を人手確認）（50本上限・スコア38で merge）,no,,n/a,yes,yes,other,,
shikaku-merit,試験対策,第二種衛生管理者を取るメリット【キャリア·職場役割·合格後活用】,published,I固有,do,C,38,merge,1shu-2shu-chigai,第二種衛生管理者を取るメリット【キャリア·職場役割·合格後活用】,テンプレ外の固有 slug（検索需要を人手確認）（50本上限・スコア38で merge）,no,,n/a,yes,yes,other,,
shikaku-merit-shokuba,試験対策,第二種衛生管理者を取得する職場メリット【給与·転職·50人選任】,published,I固有,do,C,38,merge,1shu-2shu-chigai,第二種衛生管理者を取得する職場メリット【給与·転職·50人選任】,テンプレ外の固有 slug（検索需要を人手確認）（50本上限・スコア38で merge）,no,,n/a,yes,yes,other,,
shindo-hakuro-reynaud,試験対策,振動白ろう·レイノー現象【チェーンソー·寒冷悪化·労働生理10問·第二種衛生管理者試験】,published,I固有,do,C,38,merge,1shu-2shu-chigai,振動白ろう·レイノー現象【チェーンソー·寒冷悪化·労働生理10問·第二種衛生管理者試験】,テンプレ外の固有 slug（検索需要を人手確認）（50本上限・スコア38で merge）,no,,n/a,yes,yes,other,,
shutsudai-keiko,試験対策,第二種衛生管理者の出題傾向【30問·3科目·有害業務除外】,published,I固有,do,C,38,merge,1shu-2shu-chigai,第二種衛生管理者の出題傾向【30問·3科目·有害業務除外】,テンプレ外の固有 slug（検索需要を人手確認）（50本上限・スコア38で merge）,no,,n/a,yes,yes,other,,
stress-check-gimu,試験対策,ストレスチェック制度【50人以上·年1回·5年保存·関係法令10問·第二種衛生管理者試験】,published,I固有,do,C,38,merge,1shu-2shu-chigai,ストレスチェック制度【50人以上·年1回·5年保存·関係法令10問·第二種衛生管理者試験】,テンプレ外の固有 slug（検索需要を人手確認）（50本上限・スコア38で merge）,no,,n/a,yes,yes,other,,
stress-check-yosei,試験対策,ストレスチェック実施義務【高ストレス者対応·面接指導·措置·第二種関係法令10問】,published,I固有,do,C,38,merge,1shu-2shu-chigai,ストレスチェック実施義務【高ストレス者対応·面接指導·措置·第二種関係法令10問】,テンプレ外の固有 slug（検索需要を人手確認）（50本上限・スコア38で merge）,no,,n/a,yes,yes,other,,
suuchi-anki-list,試験対策,第二種衛生管理者試験の頻出数値暗記リスト【50人·7年·演習連動·★印管理】,published,I固有,do,C,38,merge,1shu-2shu-chigai,第二種衛生管理者試験の頻出数値暗記リスト【50人·7年·演習連動·★印管理】,テンプレ外の固有 slug（検索需要を人手確認）（50本上限・スコア38で merge）,no,,n/a,yes,yes,other,,
textbook-erabikata,試験対策,第二種衛生管理者 テキスト·参考書の選び方,published,I固有,do,C,38,merge,1shu-2shu-chigai,第二種衛生管理者 テキスト·参考書の選び方,テンプレ外の固有 slug（検索需要を人手確認）（50本上限・スコア38で merge）,no,,n/a,yes,yes,other,,
textbook-osusume,試験対策,第二種衛生管理者のテキスト選定3基準,published,I固有,do,C,38,merge,1shu-2shu-chigai,第二種衛生管理者のテキスト選定3基準,テンプレ外の固有 slug（検索需要を人手確認）（50本上限・スコア38で merge）,no,,n/a,yes,yes,other,,
tohoku-center,試験対策,東北安全衛生技術センターで受験する方の確認手順,published,I固有,do,C,38,merge,1shu-2shu-chigai,東北安全衛生技術センターで受験する方の確認手順,テンプレ外の固有 slug（検索需要を人手確認）（50本上限・スコア38で merge）,no,,n/a,yes,yes,other,,
tsugi-toru-shikaku,試験対策,第二種衛生管理者合格後に次に取るべき資格【選任要件·第一種·測定士】,published,I固有,do,C,38,merge,1shu-2shu-chigai,第二種衛生管理者合格後に次に取るべき資格【選任要件·第一種·測定士】,テンプレ外の固有 slug（検索需要を人手確認）（50本上限・スコア38で merge）,no,,n/a,yes,yes,other,,
wbgt-keisan,試験対策,第二種衛生管理者試験のWBGT計算式·係数·熱中症【労働生理10問】,published,I固有,do,C,38,merge,1shu-2shu-chigai,第二種衛生管理者試験のWBGT計算式·係数·熱中症【労働生理10問】,テンプレ外の固有 slug（検索需要を人手確認）（50本上限・スコア38で merge）,no,,n/a,yes,yes,other,,
yuki-yozai-kubun-gimu,試験対策,有機溶剤の区分（特別·第1種·第2種）と義務一覧【6か月·50人·特殊健診】,published,I固有,do,C,38,merge,1shu-2shu-chigai,有機溶剤の区分（特別·第1種·第2種）と義務一覧【6か月·50人·特殊健診】,テンプレ外の固有 slug（検索需要を人手確認）（50本上限・スコア38で merge）,no,,n/a,yes,yes,other,,
1shu-2shu-chigai,用語ハブ活用法,第一種・第二種衛生管理者の違い【30問vs44問·科目数·合格点を第二種視点で比較】,published,I固有,know,C,8,merge,glossary-how-to,第一種・第二種衛生管理者の違い【30問vs44問·科目数·合格点を第二種視点で比較】,用語定義は /terms/ へ・ガイドは使い方のみ,no,,n/a,yes,yes,other,,
choujikan-rodo-mensetu,用語ハブ活用法,長時間労働者面接指導【月80時間超・産業医・5年保存】完全整理【第二種衛生管理者試験】,published,I固有,know,C,8,merge,glossary-how-to,長時間労働者面接指導【月80時間超・産業医・5年保存】完全整理【第二種衛生管理者試験】,用語定義は /terms/ へ・ガイドは使い方のみ,no,,n/a,yes,yes,other,,
hogo-gu-mask-sentei,用語ハブ活用法,呼吸用保護具·マスク選定【防じんvs防毒·労働衛生10問】,published,I固有,know,C,8,merge,glossary-how-to,呼吸用保護具·マスク選定【防じんvs防毒·労働衛生10問】,用語定義は /terms/ へ・ガイドは使い方のみ,no,,n/a,yes,yes,other,,
hoshano-kakutei-kakuritsu,用語ハブ活用法,放射線の確定効果·確率効果【比較表·第二種30問】,published,I固有,know,C,8,merge,glossary-how-to,放射線の確定効果·確率効果【比較表·第二種30問】,用語定義は /terms/ へ・ガイドは使い方のみ,no,,n/a,yes,yes,other,,
hoshu-bunseki-vs-chokusetsu,用語ハブ活用法,捕集分析法vs直接読取式【作業環境測定·第二種労働衛生10問】,published,I固有,know,C,8,merge,glossary-how-to,捕集分析法vs直接読取式【作業環境測定·第二種労働衛生10問】,用語定義は /terms/ へ・ガイドは使い方のみ,no,,n/a,yes,yes,other,,
kankei-horei-matome,用語ハブ活用法,関係法令まとめ【数値·頻度·保存期間の活用法·第二種10問】,published,I固有,know,C,8,merge,glossary-how-to,関係法令まとめ【数値·頻度·保存期間の活用法·第二種10問】,用語定義は /terms/ へ・ガイドは使い方のみ,no,,n/a,yes,yes,other,,
menkyo-shinsei,用語ハブ活用法,"第二種衛生管理者の免許申請方法【合格後の手続き·必要書類·収入印紙1,500円】",published,I固有,know,C,8,merge,glossary-how-to,"第二種衛生管理者の免許申請方法【合格後の手続き·必要書類·収入印紙1,500円】",用語定義は /terms/ へ・ガイドは使い方のみ,no,,n/a,yes,yes,other,,
tokubetsu-kyoiku-chigai,用語ハブ活用法,特別教育·職長教育·雇入れ時教育の違い【比較表·関係法令10問】,published,I固有,know,C,8,merge,glossary-how-to,特別教育·職長教育·雇入れ時教育の違い【比較表·関係法令10問】,用語定義は /terms/ へ・ガイドは使い方のみ,no,,n/a,yes,yes,other,,
tokubetsu-kyoiku-jugyomae,用語ハブ活用法,雇入れ時教育·就業前教育の要点【3教育比較表連携·関係法令10問】,published,I固有,know,C,8,merge,glossary-how-to,雇入れ時教育·就業前教育の要点【3教育比較表連携·関係法令10問】,用語定義は /terms/ へ・ガイドは使い方のみ,no,,n/a,yes,yes,other,,
affiliate-qualification-support-service,受験・申込,第二種衛生管理者試験の受験支援サービス比較【公式申込 vs 書類チェック vs 講座付帯】【2026年度版】,published,Jアフィ,buy,A,62,keep,,第二種衛生管理者試験の受験支援サービス比較【公式申込 vs 書類チェック vs 講座付帯】【2026年度版】,アフィリエイト記事（ASPリンク済み・ポートフォリオ維持）,no,,n/a,no,no,affiliate,,
affiliate-beginner-material-set,学習計画,第二種衛生管理者の初学者向け教材セット3選【テキスト・要点・演習2026】,published,Jアフィ,buy,B,56,keep,,第二種衛生管理者の初学者向け教材セット3選【テキスト・要点・演習2026】,アフィリエイト記事（ASPリンク済み・ポートフォリオ維持）,no,,n/a,no,no,affiliate,,
affiliate-correspondence-course,独学対策,第二種衛生管理者試験の通信講座比較【LEC vs SMART】独学との併用【2026年度版】,published,Jアフィ,buy,B,56,keep,,第二種衛生管理者試験の通信講座比較【LEC vs SMART】独学との併用【2026年度版】,アフィリエイト記事（ASPリンク済み・ポートフォリオ維持）,no,,n/a,no,no,affiliate,,
affiliate-cram-school,独学対策,第二種衛生管理者試験の通学講座比較【ウェルネット2日 vs じっくり】独学との併用【2026年度版】,published,Jアフィ,buy,B,56,keep,,第二種衛生管理者試験の通学講座比較【ウェルネット2日 vs じっくり】独学との併用【2026年度版】,アフィリエイト記事（ASP未設定だがポートフォリオ維持）,no,,n/a,no,no,affiliate,,
affiliate-free-vs-paid-study,独学対策,第二種衛生管理者試験の無料と有料教材の使い分け【独学2026】,published,Jアフィ,buy,B,56,keep,,第二種衛生管理者試験の無料と有料教材の使い分け【独学2026】,アフィリエイト記事（ASPリンク済み・ポートフォリオ維持）,no,,n/a,no,no,affiliate,,
affiliate-mock-exam-materials,過去問活用,第二種衛生管理者試験の模試・予想問題3選【30問本番形式2026】,published,Jアフィ,buy,B,56,keep,,第二種衛生管理者試験の模試・予想問題3選【30問本番形式2026】,アフィリエイト記事（ASPリンク済み・ポートフォリオ維持）,no,,n/a,no,no,affiliate,,
affiliate-online-course-compare,独学対策,第二種衛生管理者のオンライン講座比較【SMART合格講座 vs オンスク】独学との併用【2026年度版】,published,Jアフィ,buy,B,56,keep,,第二種衛生管理者のオンライン講座比較【SMART合格講座 vs オンスク】独学との併用【2026年度版】,アフィリエイト記事（ASPリンク済み・ポートフォリオ維持）,no,,n/a,no,no,affiliate,,
affiliate-problem-books,独学対策,第二種衛生管理者のおすすめ問題集3選【過去問・予想模試2026】,published,Jアフィ,buy,B,56,keep,,第二種衛生管理者のおすすめ問題集3選【過去問・予想模試2026】,アフィリエイト記事（ASPリンク済み・ポートフォリオ維持）,no,,n/a,no,no,affiliate,,
affiliate-retake-short-course,学習計画,第二種衛生管理者試験の再受験向け短期講座比較【オンスク vs SMART】弱点2科目【2026年度版】,published,Jアフィ,buy,B,56,keep,,第二種衛生管理者試験の再受験向け短期講座比較【オンスク vs SMART】弱点2科目【2026年度版】,アフィリエイト記事（ASPリンク済み・ポートフォリオ維持）,no,,n/a,no,no,affiliate,,
affiliate-smart-course-guide,独学対策,第二種衛生管理者 SMART合格講座の特徴と進め方【2026年度版·独学併用】,published,Jアフィ,buy,B,56,keep,,第二種衛生管理者 SMART合格講座の特徴と進め方【2026年度版·独学併用】,アフィリエイト記事（ASPリンク済み・ポートフォリオ維持）,no,,n/a,no,no,affiliate,,
affiliate-textbooks-recommend,独学対策,第二種衛生管理者のおすすめ参考書・テキスト3選【2026年度版・独学】,published,Jアフィ,buy,B,56,keep,,第二種衛生管理者のおすすめ参考書・テキスト3選【2026年度版・独学】,アフィリエイト記事（ASPリンク済み・ポートフォリオ維持）,no,,n/a,no,no,affiliate,,
affiliate-smart-vs-onsuku,独学対策,第二種衛生管理者 SMART合格講座とオンスク比較【2026】料金・向き不向き,archived,Jアフィ,buy,B,56,skip,,第二種衛生管理者 SMART合格講座とオンスク比較【2026】料金・向き不向き,非公開（archived）,no,,n/a,no,no,affiliate,,
